StreetName,StreetCode
SOUTH ST,3529
SPRUCE ST,3546
BEEKMAN ST,782
CLIFF ST,1146
MADISON ST,2637
PECK SLIP,3063
CATHERINE SLIP,1062
BROADWAY,935
WATER ST,4089
FRONT ST,1902
ST JAMES PL,3558
ANN ST,569
MAIDEN LN,2642
FULTON ST,1912
NASSAU ST,2879
PEARL ST,3059
PARK ROW,3041
WILLIAM ST,4172
GOLD ST,1987
JOHN ST,2353
LIBERTY ST,2534
HENRY ST,2169
CATHERINE ST,1063
PLATT ST,3118
DUTCH ST,1464
OLIVER ST,2984
E BROADWAY,1667
JAMES ST,2325
DOVER ST,1432
FURMAN ST,1914
AMITY ST,552
BRIDGE ST,903
DEKALB AVE,1352
JAY ST,2334
PRINCE ST,3166
SCHERMERHORN ST,3419
JORALEMON ST,2359
OLD FULTON ST,2977
MONTAGUE ST,2802
WASHINGTON ST,4087
BERGEN ST,811
WILLOUGHBY ST,4180
ASHLAND PL,609
WARREN ST,4079
PIERREPONT ST,3100
PINEAPPLE ST,3105
PIERREPONT PL,3099
HICKS ST,2192
GARDEN PL,1926
STATE ST,3593
PACIFIC ST,3015
DEAN ST,1342
CLINTON ST,1154
WILLOW PL,4182
ALBEE SQ,515
LAWRENCE ST,2494
DUFFIELD ST,1447
COURT ST,1246
REMSEN ST,3247
TILLARY ST,3721
ADAMS ST,498
GRACE CT,2000
SMITH ST,3518
WYCKOFF ST,4239
ATLANTIC AVE,620
AITKEN PL,508
BALTIC ST,678
FLEET PL,1856
BOND ST,865
WILLOW ST,4185
HOYT ST,2255
MYRTLE AVE,2852
MAIN ST,2644
LIVINGSTON ST,2561
HANOVER PL,2098
SANDS ST,3400
YORK ST,4250
COLUMBIA ST,1189
CLARK ST,1133
CRANBERRY ST,1257
SIDNEY PL,3495
PLYMOUTH ST,3128
EVERIT ST,1793
MONROE PL,2800
MONTAGUE TER,2803
COLLEGE PL,1178
KANE ST,2377
POPLAR ST,3143
NEVINS ST,2899
PARK AVE,3031
ST EDWARDS ST,3552
CONCORD ST,1200
CONGRESS ST,1204
GALLATIN PL,1920
CATHEDRAL PL,1061
BOERUM PL,853
UNIVERSITY PLZ,3782
JOHNSON ST,2355
COLUMBIA PL,1188
BUTLER ST,993
ORANGE ST,2993
ELM PL,1744
CHAPEL ST,1088
DOUGHTY ST,1429
NAVY ST,2885
METROTECH CENTER,2762
HUDSON AVE,2260
LITTLE ST,2555
FLATBUSH AVE,1854
MIDDAGH ST,2766
CROTONA AVE,1282
BELMONT AVE,791
MT HOPE PL,2838
ECHO PL,1696
E BURNSIDE AVE,1669
WEBSTER AVE,4108
3 AVE,267
VALENTINE AVE,3791
TIEBOUT AVE,3714
CARTER AVE,1046
WASHINGTON AVE,4084
E 181 ST,1540
TELLER AVE,3684
RYER AVE,3375
ANTHONY AVE,571
E 180 ST,1539
E TREMONT AVE,1682
ARTHUR AVE,600
FULTON AVE,1911
LAFONTAINE AVE,2462
MONTEREY AVE,2806
HUGHES AVE,2266
CLINTON AVE,1151
FLETCHER PL,1858
WEEKS AVE,4112
MONROE AVE,2799
TOPPING AVE,3736
WADE SQ,4054
ADAMS PL,497
BATHGATE AVE,715
BEAUMONT AVE,764
SELWYN AVE,3455
SHERIDAN AVE,3479
OAKLAND PL,2955
MORRIS AVE,2822
PROSPECT AVE,3169
EASTBURN AVE,1690
CLAY AVE,1139
COLLEGE AVE,1177
BASSFORD AVE,712
QUARRY RD,3187
BUSH ST,987
GARDEN ST,1927
BROOK AVE,943
E 182 ST,1541
E 179 ST,1537
OAK TREE PL,2952
FAIRMOUNT PL,1808
E 183 ST,1542
GROTE ST,2052
CROSS BRONX EXPY,1278
FORD ST,1868
E 178 ST,1536
E 173 ST,1532
E 174 ST,1533
TIFFANY ST,3718
BRYANT AVE,961
COSTER ST,1237
SENECA AVE,3458
GARRISON AVE,1935
DUPONT ST,1457
RYAWA AVE,3371
HUNTS POINT AVE,2279
VIELE AVE,3846
LAFAYETTE AVE,2460
CASANOVA ST,1051
OAK POINT AVE,2950
BARRY ST,702
MANIDA ST,2660
LONGFELLOW AVE,2578
FAILE ST,1802
SPOFFORD AVE,3539
RANDALL AVE,3216
LONGWOOD AVE,2581
WORTHEN ST,4233
BARRETTO ST,700
IRVINE ST,2303
HALLECK ST,2078
TRUXTON ST,3755
WHITTIER ST,4158
LEGGETT AVE,2508
GRINNELL PL,2049
E BAY AVE,1665
DRAKE ST,1436
WALTON AVE,4071
E 161 ST,1519
RIVER AVE,3292
E 162 ST,1520
E 156 ST,1514
GERARD AVE,1953
COURTLANDT AVE,1247
MELROSE AVE,2738
ELTON AVE,1754
CANAL PL,1019
RIDER AVE,3281
EXTERIOR ST,1798
E 153 ST,1512
E 144 ST,1507
LINCOLN AVE,2537
ST ANNS AVE,3549
E 151 ST,1510
E 157 ST,1515
HAMILTON AVE,2084
IMLAY ST,2288
DWIGHT ST,1467
CARROLL ST,1044
LORRAINE ST,2590
BAY ST,746
MILL ST,2779
VERONA ST,3836
VAN BRUNT ST,3793
SUMMIT ST,3648
SULLIVAN ST,3643
UNION ST,3777
DOUGLASS ST,1430
DEGRAW ST,1350
SACKETT ST,3390
PRESIDENT ST,3164
HUNTINGTON ST,2277
VISITATION PL,3859
KING ST,2421
COMMERCE ST,1194
CENTRE ST,1082
VAN DYKE ST,3801
COFFEY ST,1167
DIKEMAN ST,1394
WOODHULL ST,4218
WOLCOTT ST,4209
NELSON ST,2894
TOMPKINS PL,3733
RAPELYE ST,3220
PIONEER ST,3111
LUQUER ST,2610
RICHARDS ST,3272
W 9 ST,4030
CREAMER ST,1260
GARNET ST,1932
TIFFANY PL,3717
STRONG PL,3630
CONOVER ST,1207
BEARD ST,763
2 PL,186
1 PL,1
2 ST,187
RICHMOND AVE,3275
KLONDIKE AVE,2439
MADISON AVE,2635
FAIRVIEW AVE,1809
ROCKNE ST,3317
WELLINGTON CT,4121
AMSTERDAM AVE,556
VICTORY BLVD,3845
WINTHROP PL,4203
JEWETT AVE,2350
JOSEPHINE ST,2363
WELLBROOK AVE,4117
FOREST HILL RD,1871
GRAHAM AVE,2005
JONES ST,2358
CHURCH AVE,1121
CROAK AVE,1266
HAROLD ST,2109
MANN AVE,2662
BYRNE AVE,996
WINDHAM LOOP,4198
STEINWAY AVE,3599
GULF AVE,2063
ROSWELL AVE,3350
COLLFIELD AVE,1180
NOME AVE,2929
ELMIRA AVE,1747
MILLER ST,2781
TILLMAN ST,3722
NORWALK AVE,2940
SCHMIDTS LN,3422
WESTWOOD AVE,4142
MOUNTAINVIEW AVE,2836
SUNSET AVE,3654
OAKVILLE ST,2957
WILLOWBROOK RD,4187
DREYER AVE,1440
W CASWELL AVE,4040
REGIS DR,3241
BIDWELL AVE,825
AYE CT,662
FELTON ST,1828
FARRADAY ST,1819
COOPER TER,1220
HARRIS AVE,2112
BIRCHARD AVE,835
MELBA ST,2735
SHILOH ST,3486
RICHMOND HILL RD,3276
NOSTRAND AVE,2943
LEONARD ST,2518
FANNING ST,1815
PENN ST,3079
DONGAN AVE,1411
SOMMERS LN,3525
HODGES PL,2216
KNOX PL,2445
ROYAL OAK RD,3354
COALE AVE,1163
CHANDLER AVE,1086
DEPPE PL,1370
CAMBRIDGE AVE,1007
WOODBINE AVE,4213
BRADLEY AVE,892
ESSEX DR,1783
WHEELER AVE,4145
WATSON AVE,4098
BERESFORD AVE,808
CANNON AVE,1025
KIRSHON AVE,2435
CARMEL AVE,1035
PERRY AVE,3084
KEMBALL AVE,2396
SLEEPY HOLLOW RD,3509
LEROY ST,2519
TREMONT AVE,3745
EAGLE RD,1685
MANOR RD,2666
FRANKLIN PL,1890
ANDES PL,563
QUINLAN AVE,3198
JARDINE AVE,2328
SHIRRA AVE,3487
KEATING PL,2387
PLYMOUTH RD,3127
ROCKVILLE AVE,3318
ELMWOOD PARK DR,1750
WESTPORT ST,4140
BURKE AVE,979
BERGLUND AVE,812
GARY CT,1936
PURDY AVE,3179
WARWICK AVE,4081
LIVERMORE AVE,2557
BOGERT AVE,858
PERU ST,3090
CASWELL AVE,1058
FREEDOM AVE,1894
RIVINGTON AVE,3297
MULBERRY CIR,2841
MULBERRY AVE,2840
SAXON AVE,3410
TRAVIS AVE,3743
RADFORD ST,3204
KATHY PL,2381
WATCHOGUE RD,4088
GAULDY AVE,1943
ROMAN AVE,3332
HILLMAN AVE,2206
CANTERBURY AVE,1028
RICE AVE,3269
DRAKE AVE,1435
MULLER AVE,2845
BRYSON AVE,963
FOREST ST,1873
S GREENLEAF AVE,3382
DOROTHY ST,1424
MARBLE ST,2678
KEIBER CT,2391
GLEN ST,1975
VIRGINIA PL,3858
MORGAN LN,2818
FAHY AVE,1801
ARLENE ST,590
DEVON LOOP,1380
FERNDALE AVE,1834
POTTER AVE,3153
ADA DR,495
COOKE ST,1214
DEVENS ST,1376
BELLHAVEN PL,790
DRAPER PL,1437
LEWISTON ST,2528
SHALE ST,3465
BRIDGETOWN ST,904
WILLOW RD W,4184
SIGNS RD,3497
ALPINE CT,538
JULES DR,2365
MERRILL AVE,2752
GRAVES ST,2024
GANSEVOORT BLVD,1923
BOLIVAR ST,860
ROCKLAND AVE,3316
WOOLLEY AVE,4230
ELWOOD AVE,1759
BOGOTA ST,859
FIELDS AVE,1839
RUPERT AVE,3359
CAROLINA CT,1039
CROWELL AVE,1287
GOODWIN AVE,1990
WINDSOR RD,4199
MARGARETTA CT,2684
MAINE AVE,2645
STEWART AVE,3612
SMITH CT,3516
BANGOR ST,682
ASHWORTH AVE,610
VASSAR ST,3827
FURNESS PL,1915
MONAHAN AVE,2797
WILD AVE,4166
MELVIN AVE,2741
ALBERTA AVE,520
CRAFTON AVE,1255
CARNEGIE AVE,1037
DAWSON CIR,1333
AMSTERDAM PL,557
BUCHANAN AVE,964
RICHARD LN,3271
GOWER ST,1998
CONSTANT AVE,1209
WESTCOTT BLVD,4134
LATIMER AVE,2487
MILDRED AVE,2773
ELSON ST,1752
MERRYMOUNT ST,2755
DELMORE ST,1365
KELLY BLVD,2393
EVANS ST,1787
LIVINGSTON AVE,2559
SUFFOLK AVE,3640
LATHROP AVE,2486
ST JOHN AVE,3559
WILLARD AVE,4169
COMSTOCK AVE,1198
LEVIT AVE,2524
KELL AVE,2392
FILLMORE AVE,1842
UXBRIDGE ST,3789
LESTER ST,2521
BEECHWOOD PL,779
ELVIN ST,1757
AUBURN AVE,623
ROOSEVELT AVE,3336
DECATUR AVE,1346
GLASCOE AVE,1969
INGRAM AVE,2294
LORTEL AVE,2591
WATERS AVE,4093
THE BLVD,3695
DARCEY AVE,1322
PURDUE ST,3178
WILLOW RD E,4183
JAFFE ST,2321
CRYSTAL AVE,1291
GADSEN PL,1918
OHIO PL,2973
MOTLEY AVE,2832
FRASER ST,1892
CASWELL LN,1059
KINGSBRIDGE AVE,2426
LONGDALE ST,2577
LEONARD AVE,2517
WARDWELL AVE,4076
NEAL DOW AVE,2886
IOWA PL,2301
QUEEN ST,3188
RAYMOND AVE,3225
DONNA CT,1417
DENTON PL,1368
GLENN RD,1977
NEHRING AVE,2889
BOWDOIN ST,877
LEGGETT PL,2509
SOMMER AVE,3524
BRIELLE AVE,906
LINCOLN ST,2540
DICKIE AVE,1390
SLOSSON AVE,3512
POLAND PL,3131
TODT HILL RD,3729
MELHORN RD,2737
ATHENA PL,618
VEDDER AVE,3829
WOODWARD AVE,4228
HALL AVE,2075
SOUTH AVE,3528
UTTER AVE,3788
NEVADA AVE,2898
CLINTON B FISK AVE,1152
JOSEPH AVE,2362
WAKEFIELD AVE,4058
SHENANDOAH AVE,3475
BASCOM PL,710
KINGSLEY AVE,2431
HAWTHORNE AVE,2142
CLIFTON ST,1150
SAYBROOK ST,3411
MARTIN AVE,2700
SHERADEN AVE,3478
SHEPARD AVE,3476
KNAPP ST,2440
CARREAU AVE,1042
N GANNON AVE,2857
WYONA AVE,4240
GURDON ST,2066
LYON PL,2620
PLANK RD,3117
PAULDING AVE,3057
RAVENHURST AVE,3223
SUMNER AVE,3649
24 ST,244
32 ST,276
43 ST,303
40 ST,297
23 ST,232
39 ST,293
25 ST,249
4 AVE,294
34 ST,280
5 AVE,321
37 ST,288
1 AVE,0
9 AVE,462
41 ST,299
44 ST,307
42 ST,301
26 ST,255
8 AVE,433
56 ST,346
SENATOR ST,3457
46 ST,313
50 ST,323
63 ST,375
47 ST,316
54 ST,338
NARROWS AVE,2873
BAY RIDGE AVE,743
COLONIAL RD,1185
RIDGE BLVD,3283
53 ST,335
VISTA PL,3861
BLISS TER,845
BERGEN PL,810
55 ST,341
65 ST,383
45 ST,310
49 ST,320
62 ST,373
58 ST,354
52 ST,331
59 ST,358
6 AVE,359
60 ST,366
7 AVE,400
67 ST,390
68 ST,395
48 ST,318
57 ST,349
66 ST,385
51 ST,326
61 ST,369
2 AVE,185
15 ST,116
WEST DR,4127
POLHEMUS PL,3134
MONTGOMERY PL,2808
GARFIELD PL,1930
JACKSON PL,2316
CALDER PL,1001
WHITWELL PL,4160
FISKE PL,1852
WEBSTER PL,4109
PROSPECT PARK SW,3170
SHERMAN ST,3484
10 ST,4
14 ST,89
19 ST,175
13 ST,67
9 ST,463
6 ST,360
12 ST,49
20 ST,190
WINCHESTER BLVD,4196
HILLSIDE AVE,2207
JERICHO TPKE,2341
ELKMONT AVE,1732
BRADDOCK AVE,888
88 AVE,457
93 AVE,472
COMMONWEALTH BLVD,1197
DAVENPORT AVE,1326
237 ST,240
246 ST,246
242 ST,245
BARTOW AVE,706
DREISER LOOP,1438
DEBS PL,1345
ELGAR PL,1726
CASALS PL,1050
ASCH LOOP,604
DE KRUIF PL,1337
ERDMAN PL,1775
BENCHLEY PL,795
REEDS MILL LN,3234
DONIZETTI PL,1415
BIVONA ST,838
ADLER PL,501
BELLAMY LOOP,789
BAYCHESTER AVE,749
EARHART LN,1688
PALMER AVE,3028
ERSKINE PL,1779
HUNTER AVE,2273
CARVER LOOP,1048
COOPER PL,1217
BOLLER AVE,861
DARROW PL,1324
STILLWELL AVE,3615
GIVAN AVE,1967
ALCOTT PL,524
ALDRICH ST,526
BROUN PL,951
DEFOE PL,1349
ROMBOUTS AVE,3333
TILLOTSON AVE,3723
DE REIMER AVE,1338
BOSTON RD,873
HOLLERS AVE,2222
10 AVE,3
72 ST,411
74 ST,417
70 ST,403
11 AVE,25
12 AVE,47
86 ST,452
NEW UTRECHT AVE,2906
BATTERY AVE,716
BENSON AVE,802
INDEPENDENCE AVE,2290
CROPSEY AVE,1274
BATH AVE,714
76 ST,422
83 ST,440
BAY 8 ST,739
80 ST,434
14 AVE,87
85 ST,449
73 ST,415
BAY 7 ST,738
BAY 11 ST,721
16 AVE,131
BAY 10 ST,720
BAY RIDGE PKWY,744
78 ST,428
77 ST,426
71 ST,407
79 ST,432
BAY 22 ST,725
19 AVE,173
HARWAY AVE,2125
KINGS HWY,2425
RUTHERFORD PL,3366
BAY PKWY,742
82 ST,438
BAY 43 ST,736
BAY 34 ST,731
BAY 32 ST,730
BAY 26 ST,727
BAY 35 ST,732
26 AVE,253
BAY 37 ST,733
17 AVE,149
BAY 29 ST,729
18 AVE,162
84 ST,445
BAY 49 ST,737
BAY 20 ST,724
BAY 28 ST,728
BAY 40 ST,735
BAY 25 ST,726
BAY 38 ST,734
BAY 17 ST,723
SHORE PKWY,3492
BAY 16 ST,722
25 AVE,247
81 ST,435
W 15 ST,3911
PLEASANT AVE,3120
E 126 ST,1494
E 117 ST,1488
E 129 ST,1496
E 116 ST,1487
PALADINO AVE,3025
LEXINGTON AVE,2530
E 127 ST,1495
E 122 ST,1492
E 119 ST,1489
E 120 ST,1491
E 123 ST,1493
ARCHER AVE,581
MERRICK BLVD,2751
155 ST,124
177 ST,158
164 ST,140
109 AVE,23
SUTPHIN BLVD,3657
JAMAICA AVE,2323
GUY R BREWER BLVD,2068
LINDEN BLVD,2542
MURDOCK AVE,2847
YATES RD,4246
UNION HALL ST,3775
SHORE AVE,3488
DILLON ST,1396
FERN PL,1833
LIBERTY AVE,2533
SAYRES AVE,3412
164 PL,138
159 ST,130
170 ST,151
107 AVE,19
171 ST,152
169 ST,148
172 ST,153
173 ST,154
TUSKEGEE AIRMEN WAY,3763
108 AVE,21
179 PL,160
DUNKIRK ST,1454
MATHIAS AVE,2710
WATSON PL,4099
GUINZBURG RD,2061
POLHEMUS AVE,3133
176 ST,157
156 ST,126
92 RD,470
160 ST,133
PHROANE AVE,3096
157 ST,127
105 AVE,15
168 PL,146
112 AVE,30
175 ST,156
106 AVE,17
HENDRICKSON PL,2163
MONROE ST,2801
GREENE AVE,2036
CARLTON AVE,1031
DOWNING ST,1434
CUMBERLAND ST,1294
ST MARKS AVE,3565
UNDERHILL AVE,3773
PUTNAM AVE,3184
QUINCY ST,3197
ADELPHI ST,500
WAVERLY AVE,4103
VANDERBILT AVE,3817
GRAND AVE,2008
CLAVER PL,1137
PROSPECT PL,3171
STERLING PL,3607
CLASSON AVE,1136
FRANKLIN AVE,1889
ST JOHNS PL,3561
IRVING PL,2305
CLIFTON PL,1149
GATES AVE,1938
S OXFORD ST,3384
LINCOLN PL,2538
PARK PL,3040
BUTLER PL,992
CLERMONT AVE,1142
LEFFERTS PL,2506
CAMBRIDGE PL,1008
JEFFERSON AVE,2336
EMPIRE BLVD,1769
ORCHARD ST,2994
STANTON ST,3586
LUDLOW ST,2605
CHERRY ST,1102
RIVINGTON ST,3298
ALLEN ST,530
CANAL ST,1020
ESSEX ST,1784
PIKE ST,3101
GRAND ST,2010
FORSYTH ST,1877
DIVISION ST,1403
ELDRIDGE ST,1725
RIDGE ST,3284
NORFOLK ST,2930
ATTORNEY ST,622
SUFFOLK ST,3641
DELANCEY ST,1357
HESTER ST,2182
E HOUSTON ST,1673
CHRYSTIE ST,1120
BOWERY,879
BROOME ST,950
JACKSON ST,2317
BARUCH DR,707
RUTGERS SLIP,3363
PITT ST,3115
BARUCH PL,708
MARKET ST,2690
RUTGERS ST,3364
JEFFERSON ST,2339
BIALYSTOKER PL,824
MONTGOMERY ST,2809
LEWIS ST,2527
GOUVERNEUR ST,1997
CONEY ISLAND AVE,1201
E 23 ST,1585
BRIGHTON 8 ST,921
BRIGHTON 1 RD,910
CORBIN PL,1221
BRIGHTON 6 ST,919
OCEAN AVE,2961
BRIGHTWATER AVE,925
BANNER AVE,685
SHEEPSHEAD BAY RD,3471
DOOLEY ST,1418
COYLE ST,1252
HOMECREST AVE,2230
SHORE BLVD,3489
JEROME AVE,2342
EMMONS AVE,1768
HARING ST,2106
BRIGHTON 10 PATH,912
VOORHIES AVE,3864
HAMPTON AVE,2091
FALMOUTH ST,1813
ORIENTAL BLVD,2997
AMHERST ST,550
NEPTUNE AVE,2895
BEDFORD AVE,771
GUIDER AVE,2059
EXETER ST,1797
IRWIN ST,2309
GIRARD ST,1966
BAY CT,741
WILLIAMS CT,4174
BRIGHTWATER CT,926
AVE Y,656
E 15 ST,1509
BEAUMONT ST,765
KATHLEEN PL,2380
HUBBARD ST,2257
BATCHELDER ST,713
DUNNE CT,1456
DESMOND CT,1374
COLERIDGE ST,1173
OXFORD ST,3013
GERALD CT,1951
HASTINGS ST,2129
GILMORE CT,1964
BRIGHAM ST,908
BRAGG ST,894
OCEAN PKWY,2964
BROWN ST,954
MANHATTAN CT,2658
DOONE CT,1419
PEMBROKE ST,3070
BRIGHTON CT,923
MANOR CT,2665
LANGHAM ST,2481
KENSINGTON ST,2405
BRIGHTON 3 ST,916
CASS PL,1054
BRIGHTON 15 ST,914
JAFFRAY ST,2322
BRIGHTON 5 ST,918
BRIGHTON 1 ST,911
E 21 ST,1566
E 29 ST,1601
E 27 ST,1599
E 13 ST,1497
MACKENZIE ST,2626
E 18 ST,1538
AVE Z,657
E 16 ST,1517
E 11 ST,1482
E 26 ST,1598
BRIGHTON 1 PL,909
BRIGHTON 2 ST,915
BRIGHTON 10 ST,913
E 24 ST,1596
E 19 ST,1548
E 12 ST,1490
OCEAN VIEW AVE,2965
BRIGHTON 7 ST,920
BRIGHTON 4 ST,917
BRYANT PARK,962
W 35 ST,3992
W 40 ST,3995
W 38 ST,3994
W 36 ST,3993
39 AVE,291
101 ST,7
MARTENSE AVE,2696
CORONA AVE,1228
JUNCTION BLVD,2369
48 AVE,317
96 ST,479
CALLOWAY ST,1004
ALSTYNE AVE,539
STRONG AVE,3629
36 AVE,283
NORTHERN BLVD,2936
98 ST,484
100 ST,5
97 PL,481
50 AVE,322
102 ST,10
47 AVE,314
41 AVE,298
VAN CLEEF ST,3795
111 ST,29
XENIA ST,4243
35 AVE,281
99 ST,486
106 ST,18
34 AVE,279
38 AVE,289
NATIONAL ST,2882
NICOLLS AVE,2923
WALDRON ST,4062
VAN DOREN ST,3799
RADCLIFF AVE,3201
GRANGER ST,2014
SAULTELL AVE,3406
PENROD ST,3082
CHRISTIE AVE,1117
OTIS AVE,3005
LEWIS AVE,2525
WESTSIDE AVE,4141
HORACE HARDING EXPY,2244
103 ST,13
51 AVE,324
42 AVE,300
107 ST,20
46 AVE,311
57 AVE,347
49 AVE,319
SPRUCE AVE,3545
37 RD,287
109 ST,24
37 AVE,286
112 ST,32
44 AVE,304
43 AVE,302
52 AVE,327
97 ST,482
54 AVE,336
MERIDIAN RD,2747
105 ST,16
98 PL,483
108 ST,22
104 ST,14
187 PL,170
102 AVE,8
201 ST,192
FRANCIS LEWIS BLVD,1887
FOOTHILL AVE,1865
HOLLIS AVE,2223
CARPENTER AVE,1041
WOODHULL AVE,4217
HENDERSON AVE,2161
193 ST,179
202 ST,193
205 ST,197
187 ST,171
190 ST,176
HAYWOOD RD,2146
182 ST,166
199 ST,184
89 AVE,460
183 PL,167
186 ST,169
SAGAMORE AVE,3392
205 PL,196
182 PL,165
204 ST,195
FARMERS BLVD,1818
HIAWATHA AVE,2189
ROCKAWAY BLVD,3311
103 DR,12
PITKIN AVE,3112
133 AVE,75
LAFAYETTE ST,2461
CROSS BAY BLVD,1277
RALEIGH ST,3210
CENTREVILLE ST,1083
COHANCY ST,1168
ALBERT RD,518
WHITELAW ST,4153
SUTTER AVE,3658
ROSITA RD,3346
HAWTREE ST,2145
SITKA ST,3504
HURON ST,2281
MURIEL CT,2849
ECKFORD AVE,1697
N CONDUIT AVE,2855
GOLD RD,1986
RICO PL,3280
DESARC RD,1372
88 ST,459
DUMONT AVE,1448
TAHOE ST,3672
PLATTWOOD AVE,3119
BRISTOL AVE,929
89 ST,461
96 PL,478
87 ST,456
90 ST,466
92 ST,471
CHICOT RD,1113
GLENMORE AVE,1976
RUSSELL ST,3361
155 AVE,123
KILLARNEY ST,2416
COLEMAN SQ,1171
SAPPHIRE ST,3403
153 AVE,120
95 ST,477
164 RD,139
LAHN ST,2464
164 AVE,137
CHURCH ST,1122
BAYVIEW AVE,754
165 AVE,141
159 AVE,129
156 AVE,125
E 80 ST,1644
FARRAGUT RD,1821
RALPH AVE,3211
FLATLANDS AVE,1855
E 92 ST,1656
REMSEN AVE,3245
PAERDEGAT 14 ST,3017
CONKLIN AVE,1205
AVE L,644
E 86 ST,1650
E 91 ST,1655
E 95 ST,1659
FOSTER AVE,1879
AVE A,635
DITMAS AVE,1400
DURLAND PL,1459
SEAVIEW AVE,3443
GLENWOOD RD,1979
STANLEY AVE,3585
ROSE ST,3339
BEDELL LN,769
WILLIAMS AVE,4173
CANARSIE RD,1021
KAUFMAN PL,2383
BRISTOL ST,930
SEAVIEW CT,3444
ROST PL,3349
SKIDMORE AVE,3505
E 84 ST,1648
PAERDEGAT 15 ST,3018
ROCKAWAY AVE,3308
E 76 ST,1640
PAERDEGAT 9 ST,3021
E 78 ST,1642
MATTHEWS PL,2713
AVE M,645
E 89 ST,1653
E 77 ST,1641
SCHENCK ST,3417
E 94 ST,1658
KRIER PL,2452
BRANTON ST,897
COVENTRY RD,1248
PAERDEGAT 11 ST,3016
E 85 ST,1649
ROCKAWAY PKWY,3312
E 87 ST,1651
E 98 ST,1662
E 81 ST,1645
AVE K,643
AVE B,636
E 106 ST,1478
AVE N,646
PAERDEGAT 4 ST,3019
AVE D,638
E 88 ST,1652
E 82 ST,1646
E 103 ST,1475
PAERDEGAT 8 ST,3020
E 100 ST,1472
E 83 ST,1647
E 96 ST,1660
E 108 ST,1480
FILLMORE ST,1844
PINE ST,3104
STUYVESANT PL,3638
LAYTON AVE,2497
MONTGOMERY AVE,2807
CORSON AVE,1233
ST MARKS PL,3566
ST PAULS AVE,3574
FOREST AVE,1870
CENTRAL AVE,1080
SLOSSON TER,3513
RICHMOND TER,3279
VAN CORTLANDT AVE,3796
SHERMAN AVE,3483
SPRING ST,3542
UNIVERSITY PL,3781
WALL ST,4065
VAN DUZER ST,3800
ARLO RD,593
CASTLETON AVE,1057
ACADEMY PL,491
HYATT ST,2285
WINTER AVE,4202
CASSIDY PL,1055
TYSEN ST,3769
HAVEN ESPL,2136
LITTLE CLOVE RD,2553
METROPOLITAN AVE,2760
JERSEY ST,2345
CITY BLVD,1126
KISSEL AVE,2436
WESTERVELT AVE,4135
OXFORD PL,3012
HAVENWOOD RD,2138
CRESCENT AVE,1261
FORT PL,1878
BENZIGER AVE,807
BARD AVE,691
ONTARIO AVE,2990
HOWARD AVE,2250
BERTHA PL,816
HART BLVD,2118
REVERE ST,3261
SHARON AVE,3467
PORTLAND PL,3150
TAFT AVE,3671
YORK AVE,4249
VAN BUREN ST,3794
ELY ST,1762
RIDGEWOOD PL,3287
CARROLL PL,1043
BELMONT PL,792
ARNOLD ST,597
AVON PL,659
HOYT AVE,2254
CAMPUS RD,1017
EDGAR TER,1700
WILLIS AVE,4177
FIEDLER AVE,1837
E BUCHANAN ST,1668
SUMNER PL,3650
HERKIMER ST,2176
VALENCIA AVE,3790
SCRIBNER AVE,3433
BROOK ST,944
CYPRESS AVE,1302
DANIEL LOW TER,1319
HARVARD AVE,2123
BISMARK AVE,837
DEVON PL,1381
RENWICK AVE,3251
GREENWOOD AVE,2043
ROSEWOOD PL,3344
BEECHWOOD AVE,778
BRIGHTON AVE,922
MILFORD AVE,2775
HEWITT AVE,2185
GRANT ST,2019
HENDRICKS AVE,2162
CEDAR TER,1074
OSWEGO ST,3004
NICHOLAS ST,2921
PENDLETON PL,3074
CROSSHILL ST,1280
EGMONT PL,1717
WOODSTOCK AVE,4226
CURTIS PL,1298
TILDEN ST,3720
GRYMES HILL RD,2056
ONEIDA AVE,2988
OAKWOOD AVE,2958
TIOGA ST,3727
HIGHVIEW AVE,2197
ELWOOD PL,1760
WALBROOKE AVE,4059
CATTARAUGUS ST,1066
DUER LN,1446
OCEAN CT,2963
SCHOHARIE ST,3423
ALBERT ST,519
THERESA PL,3696
CAYUGA AVE,1068
FOOTE AVE,1864
WILSON TER,4190
AYMAR AVE,663
MARX ST,2702
LABAU AVE,2455
GLEN AVE,1974
PENBROKE AVE,3072
ENDOR AVE,1770
EMERSON CT,1765
GRETA PL,2046
LOGAN AVE,2572
CLOVE RD,1158
CLEVELAND ST,1145
CLYDE PL,1160
BAYVIEW PL,755
LONGVIEW RD,2580
FLUSHING AVE,1861
BUSHWICK AVE,988
MAUJER ST,2714
MESEROLE ST,2758
VARET ST,3823
PULASKI ST,3176
FAYETTE ST,1825
VERNON AVE,3833
ELLERY ST,1734
STOCKTON ST,3618
WILLOUGHBY AVE,4179
THROOP AVE,3710
MONTROSE AVE,2813
MANHATTAN AVE,2657
SEIGEL ST,3452
DEBEVOISE ST,1344
BEAVER ST,766
HART ST,2120
WALLABOUT ST,4066
MARCY AVE,2680
HEYWARD ST,2188
LYNCH ST,2616
MIDDLETON ST,2767
TROUTMAN ST,3750
HUMBOLDT ST,2270
SCHOLES ST,3424
TEN EYCK ST,3685
STAGG ST,3583
LORIMER ST,2585
JOHNSON AVE,2354
BOERUM ST,854
WHITE ST,4149
UNION AVE,3774
WALTON ST,4072
MELROSE ST,2739
GRATTAN ST,2023
FORREST ST,1875
BELVIDERE ST,793
LOCUST ST,2570
PARK ST,3042
STANWIX ST,3588
GEORGE ST,1948
ARION PL,589
COOK ST,1213
WILSON AVE,4188
LEE AVE,2502
TOMPKINS AVE,3732
MONTIETH ST,2811
MOORE ST,2815
STUYVESANT AVE,3636
WHIPPLE ST,4146
GERRY ST,1955
MARCUS GARVEY BLVD,2679
HOPKINS ST,2243
EVERGREEN AVE,1791
MORGAN AVE,2817
BOGART ST,857
HARRISON AVE,2113
DELMONICO PL,1364
BARTLETT ST,705
NOLL ST,2928
BUSHWICK PL,989
THORNTON ST,3705
THAMES ST,3692
MEADOW ST,2732
WATERBURY ST,4091
RENAISSANCE CT,3248
NEWKIRK AVE,2913
CLARKSON AVE,1134
REGENT PL,3239
PARADE PL,3030
PARKSIDE AVE,3047
ALBEMARLE RD,516
ROGERS AVE,3328
MARTENSE ST,2698
LENOX RD,2516
TILDEN AVE,3719
CLARENDON RD,1132
CORTELYOU RD,1235
NEW YORK AVE,2907
WOODRUFF AVE,4223
CATON AVE,1064
MARLBOROUGH RD,2691
BEVERLEY RD,821
TENNIS CT,3688
DORCHESTER RD,1421
SNYDER AVE,3521
ST PAULS CT,3575
RUGBY RD,3358
CROOKE AVE,1273
ARGYLE RD,588
LOTT ST,2594
WOODS PL,4224
FAIRVIEW PL,1810
RALEIGH PL,3209
BUCKINGHAM RD,967
STEPHENS CT,3605
ERASMUS ST,1774
MARTENSE CT,2697
VERONICA PL,3837
WESTBURY CT,4131
DURYEA PL,1462
LLOYD ST,2565
E 32 ST,1604
VANDERVEER PL,3819
PARKSIDE CT,3048
E 22 ST,1575
E 28 ST,1600
E 31 ST,1603
E 17 ST,1528
ST PAULS PL,3576
QUEENS BLVD,3189
94 AVE,474
86 AVE,450
LIVERPOOL ST,2558
LAKEWOOD AVE,2470
87 DR,454
REMINGTON ST,3244
BURDEN CRES,976
MANTON ST,2670
LANDER ST,2478
PERSHING CRES,3087
HOOVER AVE,2239
INWOOD ST,2299
GLASSBORO AVE,1970
COOLIDGE AVE,1215
PINEGROVE ST,3106
WALTHAM ST,4070
LOWE CT,2599
SMEDLEY ST,3515
DANIELS ST,1321
PRINCETON ST,3168
101 AVE,6
82 DR,437
111 AVE,28
143 ST,95
86 RD,451
LLOYD RD,2564
VAN WYCK EXPY,3813
ALLENDALE ST,532
BRISBIN ST,928
138 ST,86
95 AVE,476
CRESSKILL PL,1263
87 AVE,453
134 ST,77
97 AVE,480
150 ST,119
149 ST,113
82 AVE,436
84 DR,442
87 RD,455
147 PL,105
85 AVE,446
145 ST,100
138 PL,85
141 ST,92
142 ST,93
E 189 ST,1547
E 186 ST,1544
MARION AVE,2686
BRIGGS AVE,907
BAINBRIDGE AVE,669
E 201 ST,1559
BEDFORD PARK BLVD,772
LORILLARD PL,2584
HOFFMAN ST,2218
CAMBRELENG AVE,1006
E FORDHAM RD,1671
E KINGSBRIDGE RD,1674
BOTANICAL SQ,874
MIRIAM ST,2792
SOUTHERN BLVD,3530
ST GEORGES CRES,3556
CYRUS PL,1305
OLIVER PL,2983
LISBON PL,2550
POND PL,3137
E 187 ST,1545
E 202 ST,1560
E MOSHOLU PKWY S,1677
E 198 ST,1555
E 194 ST,1552
E 199 ST,1556
E 204 ST,1561
E 188 ST,1546
E 191 ST,1550
E 195 ST,1553
NELSON AVE,2893
W 169 ST,3928
OGDEN AVE,2972
W 168 ST,3927
SHAKESPEARE AVE,3464
ANDERSON AVE,560
WOODYCREST AVE,4229
MCCLELLAN ST,2724
CROMWELL AVE,1270
W 167 ST,3926
INWOOD AVE,2298
E 170 ST,1529
JESUP AVE,2346
MARCY PL,2681
PLIMPTON AVE,3125
W 170 ST,3930
W 166 ST,3925
W 165 ST,3924
E 169 ST,1527
MACOMBS RD,2630
W 163 ST,3922
E 168 ST,1526
WYTHE PL,4242
ROCKWOOD ST,3320
TUDOR PL,3758
ELLIOT PL,1736
EDWARD L GRANT HWY,1710
MERRIAM AVE,2750
TOWNSEND AVE,3738
SUMMIT AVE,3645
HAWKSTONE ST,2140
JESUP PL,2347
UNIVERSITY AVE,3780
FEATHERBED LN,1826
GRANDVIEW PL,2012
W 162 ST,3921
E 171 ST,1530
E 167 ST,1525
W 164 ST,3923
UNDERCLIFF AVE,3772
DAVIDSON AVE,1328
E CLARKE PL,1670
SEDGWICK AVE,3448
E 9 ST,1654
AVE C,637
STUYVESANT OVAL,3637
E 14 ST,1504
E 1 ST,1470
E 20 ST,1558
E 3 ST,1602
HUDSON YARDS,2264
PENN PLZ,3078
W 31 ST,3989
W 27 ST,3985
W 34 ST,3991
W 29 ST,3986
W 33 ST,3990
64 ST,380
FT HAMILTON PKWY,1905
OVINGTON AVE,3010
DURYEA CT,1461
15 AVE,114
MINNA ST,2790
CHESTER AVE,1105
STRATFORD RD,3625
DAHILL RD,1307
38 ST,290
WESTMINSTER RD,4138
MCDONALD AVE,2725
VANDERBILT ST,3818
FRIEL PL,1900
LEWIS PL,2526
LOUISA ST,2597
SEELEY ST,3449
TERRACE PL,3690
MICIELI PL,2764
STORY ST,3622
CLARA ST,1129
KERMIT PL,2410
TEHAMA ST,3683
E 8 ST,1643
TURNER PL,3761
HINCKLEY PL,2211
SLOCUM PL,3511
REEVE PL,3235
BILLS PL,830
CATON PL,1065
36 ST,285
E 2 ST,1557
E 5 ST,1621
E 4 ST,1611
AVE F,639
W 5 ST,4002
20 AVE,188
W 6 ST,4006
CAMERON CT,1011
W 8 ST,4019
W 7 ST,4010
AVE O,647
AVE P,648
137 AVE,82
145 AVE,98
153 ST,121
FOCH BLVD,1862
IRWIN PL,2308
LESLIE RD,2520
ANDERSON RD,561
BAISLEY BLVD,672
BEDELL ST,770
URSINA RD,3785
SELOVER RD,3454
VICTORIA RD,3844
GARRETT ST,1934
MATHEWSON CT,2709
158 ST,128
129 AVE,64
PORTER RD,3149
SIDWAY PL,3496
MERRILL ST,2753
LONG ST,2576
TROUTVILLE RD,3751
MARSDEN ST,2695
EVELETH RD,1788
130 AVE,68
127 AVE,61
123 AVE,56
120 AVE,50
118 AVE,44
166 PL,143
115 AVE,38
167 ST,145
168 ST,147
148 AVE,108
119 AVE,46
132 AVE,72
140 AVE,90
122 AVE,54
121 AVE,52
STARLING AVE,3589
PURDY ST,3180
HUNT AVE,2272
DORIS ST,1423
PELHAM PKWY S,3065
MATTHEWS AVE,2712
BARNES AVE,697
WALLACE AVE,4067
HOLLAND AVE,2221
BRONXDALE AVE,941
FOWLER AVE,1882
PARKER ST,3045
GLOVER ST,1981
BENEDICT AVE,796
METROPOLITAN OVAL,2761
ST RAYMOND AVE,3578
UNIONPORT RD,3779
PARKCHESTER RD,3044
EAST AVE,1689
MCGRAW AVE,2726
VIRGINIA AVE,3857
HAVEMEYER AVE,2133
ELLIS AVE,1737
VAN NEST AVE,3806
WHITE PLAINS RD,4148
HAVILAND AVE,2139
GLEBE AVE,1973
GUERLAIN ST,2057
CRUGER AVE,1290
NEILL AVE,2890
COLDEN AVE,1169
BRADY AVE,893
CASTLE HILL AVENUE,1056
LELAND AVE,2512
WEST AVE,4126
SAGAMORE ST,3393
MORRIS PARK AVE,2823
WESTCHESTER AVE,4132
BOGART AVE,856
OLMSTEAD AVE,2985
LYON AVE,2619
GLEASON AVE,1972
LYDIG AVE,2612
RHINELANDER AVE,3267
VICTOR ST,3843
WOOD RD,4212
HUGH J GRANT CIR,2265
WOOD AVE,4211
MULINER AVE,2844
PUGSLEY AVE,3174
ZEREGA AVE,4254
NEWBOLD AVE,2911
AMETHYST ST,548
ODELL ST,2970
BOLTON ST,863
POWELL AVE,3156
WATERBURY AVE,4090
ANTIN PL,572
MACLAY AVE,2627
PIERCE AVE,3098
ARCHER ST,583
STEARNS ST,3596
KINSELLA ST,2434
BIRCHALL AVE,834
BRONX PARK E,939
COMMERCE AVE,1193
MANNING ST,2663
DELANCEY PL,1356
ARCHER RD,582
ARLINGTON AVE,591
ETNA ST,1785
CRESCENT ST,1262
GRANT AVE,2017
HALE AVE,2072
EUCLID AVE,1786
VANDALIA AVE,3815
DOSCHER ST,1427
AUTUMN AVE,633
RICHMOND ST,3278
MONTAUK AVE,2804
NICHOLS AVE,2922
RIDGEWOOD AVE,3286
HEGEMAN AVE,2156
MILFORD ST,2776
ELDERT LN,1722
FOUNTAIN AVE,1881
AMBER ST,544
NEW LOTS AVE,2904
BERRIMAN ST,814
LINWOOD ST,2547
LOGAN ST,2573
ELTON ST,1755
ATKINS AVE,619
WORTMAN AVE,4234
CHESTNUT ST,1111
NORWOOD AVE,2942
LORING AVE,2586
HEMLOCK ST,2159
BLAKE AVE,843
SHEPHERD AVE,3477
FOLSOM PL,1863
FORBELL ST,1866
DREW ST,1439
DANFORTH ST,1318
KIELY PL,2415
CAMPUS PL,1016
LOCKE ST,2567
COZINE AVE,1253
WELDON ST,4116
EGAN ST,1714
HILL ST,2200
HIGHLAND PL,2195
CRYSTAL ST,1292
JEROME ST,2344
EMERALD ST,1763
FORCE TUBE AVE,1867
WELLS ST,4123
W 141 ST,3902
W 144 ST,3905
W 142 ST,3903
LENOX AVE,2515
EDGECOMBE AVE,1701
W 143 ST,3904
W 136 ST,3897
ST NICHOLAS AVE,3569
W 140 ST,3901
BRADHURST AVE,891
W 137 ST,3898
W 134 ST,3895
W 139 ST,3900
W 135 ST,3896
W 133 ST,3894
W 138 ST,3899
TAYLOR AVE,3680
SEWARD AVE,3461
METCALF AVE,2759
ROSEDALE AVE,3342
STORY AVE,3621
LACOMBE AVE,2457
SOUNDVIEW AVE,3527
TORRY AVE,3737
ST LAWRENCE AVE,3564
BEACH AVE,757
BOLTON AVE,862
BRUCKNER BLVD,957
THIERIOT AVE,3697
GILDERSLEEVE AVE,1960
CROES AVE,1268
NOBLE AVE,2925
COLGATE AVE,1176
BOYNTON AVE,885
NORTON AVE,2938
HOWE AVE,2252
VIRGIL PL,3856
CINCINNATUS AVE,1125
NEWMAN AVE,2914
SCREVIN AVE,3432
TURNEUR AVE,3762
COMMONWEALTH AVE,1196
BRONX RIVER AVE,940
PATTERSON AVE,3055
EFFINGHAM AVE,1713
ELDER AVE,1721
QUIMBY AVE,3194
HERMANY AVE,2177
CICERO AVE,1124
BARRETT AVE,699
CORNELL AVE,1225
TURNBULL AVE,3760
HOMER AVE,2232
MORRISON AVE,2825
STEPHENS AVE,3604
CEDAR AVE,1070
SCARBORO AVE,3413
MASON AVE,2705
WADSWORTH AVE,4055
BUEL AVE,969
DONGAN HILLS AVE,1412
GARRETSON AVE,1933
DELAWARE AVE,1359
HENRY PL,2168
NEW LN,2903
QUINTARD ST,3200
HUSSON ST,2282
HYLAN BLVD,2286
CLIFTON AVE,1148
ST JOHNS AVE,3560
COLTON ST,1187
LAMPORT BLVD,2475
FILLMORE PL,1843
GARFIELD AVE,1929
SAND LN,3396
BENTON AVE,805
BELAIR RD,783
VERA ST,3830
NAUGHTON AVE,2883
S RAILROAD AVE,3386
COOPER AVE,1216
REID AVE,3242
JEROME RD,2343
LACONIA AVE,2458
FINGERBOARD RD,1846
ALTER AVE,540
MALLORY AVE,2650
W FINGERBOARD RD,4044
STEUBEN ST,3610
KERMIT AVE,2409
NAUTILUS ST,2884
HANCOCK ST,2095
CHESTNUT AVE,1109
HILLCREST TER,2204
HILLCREST CT,2202
GRASMERE AVE,2021
ST MARYS AVE,3567
ANDERSON ST,562
ANDREWS ST,566
LINWOOD AVE,2546
DIAZ ST,1388
MILLS AVE,2782
PARKINSON AVE,3046
MARYLAND AVE,2703
BIONIA AVE,831
SLATER BLVD,3508
HOPE AVE,2240
LEGION PL,2510
OLYMPIA BLVD,2986
NUGENT AVE,2946
RUTH PL,3365
RARITAN AVE,3221
ZOE ST,4255
NARROWS RD N,2874
DONLEY AVE,1416
FOX HILL TER,1883
VAUGHAN ST,3828
KEELEY ST,2390
LYMAN AVE,2613
BEVERLY RD,822
KRAMER ST,2451
WENTWORTH AVE,4125
ABBOTT ST,487
WINGHAM ST,4200
SYLVATON TER,3666
WINDERMERE RD,4197
DOTY AVE,1428
BURGHER AVE,978
POUCH TER,3154
ROBIN RD,3302
AUSTIN AVE,630
HICKORY AVE,2190
CLEVELAND PL,1144
RODERICK AVE,3322
LANSING ST,2483
KENSINGTON AVE,2404
SCOTT AVE,3429
REYNOLDS ST,3264
SEAVER AVE,3442
EVELYN PL,1789
HURLBERT ST,2280
PERSHING ST,3088
RAILROAD AVE,3208
LINDA AVE,2541
OCEANSIDE AVE,2967
JACKSON AVE,2314
NORWAY AVE,2941
WOODLAWN AVE,4220
ROSEBANK PL,3340
VULCAN ST,3867
CONGER ST,1203
MACFARLAND AVE,2625
ALLENDALE RD,531
FREEBORN ST,1893
DEAL CT,1340
GUILFORD ST,2060
RADCLIFF RD,3202
NORMALEE RD,2932
LYNHURST AVE,2618
LEDYARD PL,2501
MERLE PL,2748
APPLEBY AVE,575
BELL ST,787
SCHOOL RD,3425
CAMERON AVE,1010
FAYETTE AVE,1824
MAJOR AVE,2647
JAMES PL,2324
BROAD ST,934
GREENWICH ST,2042
S WILLIAM ST,3389
NEW ST,2905
WHITEHALL ST,4151
STONE ST,3620
HANOVER SQ,2099
WEST ST,4128
EXCHANGE PL,1796
NEW YORK PLAZA,2908
CAROLINE ST,1040
GREEN ST,2033
PELTON AVE,3067
TRINITY PL,3748
ELIZABETH ST,1729
POST AVE,3151
N BURGHER AVE,2854
DAVIS AVE,1331
BANK ST,683
DELAFIELD AVE,1355
ELM ST,1745
BEMENT AVE,794
MOODY PL,2814
DONALD PL,1410
LINDEN ST,2544
BODINE ST,852
LLEWELLYN PL,2563
ROE ST,3324
CARY AVE,1049
ALASKA ST,511
DEKAY ST,1353
WALNUT ST,4069
LIVINGSTON CT,2560
TAYLOR ST,3681
BARKER ST,693
BRITTON ST,933
DONGAN ST,1414
ST AUSTINS PL,3550
OAKLAND AVE,2954
N MADA AVE,2859
LUDWIG ST,2608
HARTFORD AVE,2121
EGBERT AVE,1715
ARCADIA PL,580
WAYNE ST,4106
CAMPBELL AVE,1014
PURCELL ST,3177
MUNDY AVE,2846
RAYMOND PL,3226
DUBOIS AVE,1445
ELIZABETH AVE,1728
DRIPROCK ST,1442
REGAN AVE,3237
CURTIS AVE,1297
FLOYD ST,1860
GREENLEAF AVE,2039
SENECA ST,3459
GLENWOOD PL,1978
S ST AUSTINS PL,3388
HARVEST AVE,2124
NUTLY PL,2948
ASTORIA BLVD,615
30 RD,270
26 RD,254
1 ST,2
30 DR,269
28 AVE,261
33 ST,278
21 ST,204
NEWTOWN AVE,2918
MAIN AVE,2643
WELLING CT,4120
27 AVE,257
29 ST,266
24 RD,243
28 RD,262
30 ST,271
24 DR,242
ASTORIA BLVD S,617
24 AVE,241
18 ST,163
LORING PL N,2587
WEBB AVE,4107
E 196 ST,1554
CRESTON AVE,1264
EAMES PL,1687
W 197 ST,3954
CLAFLIN AVE,1128
FATHER ZEISER PL,1823
W FORDHAM RD,4045
W KINGSBRIDGE RD,4048
RESERVOIR AVE,3254
FIELD PL,1838
GOULDEN AVE,1995
NORTH ST,2935
DEVOE TER,1379
VILLA AVE,3848
PAUL AVE,3056
MINERVA PL,2786
PARKVIEW TER,3051
E 190 ST,1549
E 184 ST,1543
STRONG ST,3631
W 195 ST,3953
HAMPDEN PL,2090
AQUEDUCT AVE,577
W 184 ST,3943
W 190 ST,3950
E 193 ST,1551
KNICKERBOCKER AVE,2444
ELDERT ST,1723
IRVING AVE,2304
WYCKOFF AVE,4238
STANHOPE ST,3584
GARDNER AVE,1928
STOCKHOLM ST,3617
BLEECKER ST,844
SUYDAM ST,3662
STARR ST,3591
HARMAN ST,2108
HIMROD ST,2210
MENAHAN ST,2745
WEIRFIELD ST,4115
HALSEY ST,2082
DECATUR ST,1347
PORTER AVE,3148
CORNELIA ST,1224
HARRISON PL,2114
PALMETTO ST,3029
INGRAHAM ST,2293
COOPER ST,1219
COVERT ST,1250
WOODBINE ST,4214
VARICK AVE,3825
VANDERVOORT PL,3822
GROVE ST,2055
PILLING ST,3103
HIGHLAND BLVD,2194
DE SALES PL,1339
SCHAEFER ST,3415
HENDRIX ST,2165
MOFFAT ST,2795
SUNNYSIDE AVE,3652
ALABAMA AVE,509
WYONA ST,4241
CHAUNCEY ST,1099
VERMONT ST,3832
NEW JERSEY AVE,2902
ASHFORD ST,607
SCHENCK AVE,3416
MILLER AVE,2780
VAN SICLEN AVE,3810
PENNSYLVANIA AVE,3080
GEORGIA AVE,1949
RIVERDALE AVE,3294
HINSDALE ST,2212
SNEDIKER AVE,3520
WARWICK ST,4083
LIVONIA AVE,2562
BRADFORD ST,890
LOUISIANA AVE,2598
BARBEY ST,687
SHEFFIELD AVE,3472
ABERDEEN ST,488
CROSBY AVE,1275
MCCLANCY PL,2723
NEWPORT ST,2916
GRANITE ST,2016
FURMAN AVE,1913
BULWER PL,973
VAN SINDEREN AVE,3811
MALTA ST,2653
SUNNYSIDE CT,3653
VANDERVEER ST,3820
UTICA AVE,3786
AVE U,652
E 41 ST,1613
E 53 ST,1624
SCHENECTADY AVE,3418
RYDER ST,3373
TROY AVE,3752
HENDRICKSON ST,2164
ROYCE ST,3356
VETERANS AVE,3841
BERGEN AVE,809
QUENTIN RD,3193
STRICKLAND AVE,3628
NATIONAL DR,2881
MILL AVE,2777
E 49 ST,1620
E 68 ST,1636
E 51 ST,1622
E 56 ST,1627
ROYCE PL,3355
COLEMAN ST,1172
LOTT PL,2593
HARDEN ST,2103
KIMBALL ST,2417
PEARSON ST,3061
BASSETT AVE,711
WHITMAN DR,4155
DAKOTA PL,1310
E 58 ST,1629
E 54 ST,1625
E 55 ST,1626
E 64 ST,1633
AVE T,651
E 59 ST,1630
E 52 ST,1623
E 61 ST,1631
E 38 ST,1610
E 35 ST,1607
E 36 ST,1608
E 66 ST,1635
E 45 ST,1617
E 65 ST,1634
E 70 ST,1638
E 72 ST,1639
W 180 ST,3939
W 175 ST,3935
W TREMONT AVE,4052
PHELAN PL,3094
W BURNSIDE AVE,4038
HENNESSY PL,2167
HENWOOD PL,2171
POPHAM AVE,3141
BUCHANAN PL,965
BRANDT PL,896
CLIFFORD PL,1147
BILLINGSLEY TER,828
OSBORNE PL,3000
CLINTON PL,1153
W 174 ST,3934
W 182 ST,3941
W 179 ST,3938
MORTON PL,2826
CAMERON PL,1012
W 183 ST,3942
BOWNE ST,881
149 PL,112
FARRINGTON ST,1822
33 AVE,277
147 ST,107
KING RD,2420
25 DR,248
126 ST,60
COLLINS PL,1182
PARSONS BLVD,3053
WILLETS POINT BLVD,4170
MURRAY ST,2851
LEAVITT ST,2499
CARLTON PL,1033
COLLEGE POINT BLVD,1179
BUD PL,968
LINDEN PL,2543
MURRAY LN,2850
BAYSIDE AVE,752
JANET PL,2327
148 ST,110
29 AVE,264
121 ST,53
STRATTON ST,3626
GRAHAM CT,2006
146 ST,102
29 RD,265
40 RD,296
150 PL,118
36 RD,284
32 AVE,275
WOODSIDE AVE,4225
GREENPOINT AVE,2040
NEWTOWN RD,2919
LAUREL HILL BLVD,2490
SKILLMAN AVE,3506
TRIMBLE RD,3746
CELTIC AVE,1077
HOBART ST,2215
MAURICE AVE,2715
BOROUGH PL,872
TYLER AVE,3766
58 LN,351
65 PL,382
CALAMUS AVE,1000
69 ST,399
45 AVE,308
30 AVE,268
51 RD,325
56 PL,344
BELL BLVD,786
CORPORAL KENNEDY ST,1229
WATERS EDGE DR,4094
208 PL,199
203 ST,194
215 ST,211
23 AVE,231
15 RD,115
CROSS ISLAND PKWY,1279
RIVER RD,3293
W LOOP RD,4049
E LOOP RD,1675
MARTHA AVE,2699
E 243 ST,1597
CRANFORD AVE,1258
HERKIMER PL,2175
KATONAH AVE,2382
VIREO AVE,3855
MATILDA AVE,2711
BRONX BLVD,937
PENFIELD ST,3076
ST OUEN ST,3572
RICHARDSON AVE,3273
KEPLER AVE,2408
OSGOOD ST,3002
E 238 ST,1594
E 236 ST,1592
E 234 ST,1590
BULLARD AVE,972
NAPIER AVE,2870
ROBERTSON ST,3301
E 237 ST,1593
E 239 ST,1595
E 235 ST,1591
CITY ISLAND AVE,1127
KING AVE,2419
DITMARS ST,1399
MINNIEFORD AVE,2791
FORDHAM ST,1869
ROWLAND ST,3352
PLYMOUTH AVE,3126
SILVER ST,3498
TOMLINSON AVE,3731
LAKEWOOD PL,2471
LURTING AVE,2611
WESTCHESTER SQ,4133
WILKINSON AVE,4168
HOLLYWOOD AVE,2226
HONE AVE,2234
HERSCHELL ST,2179
TRATMAN AVE,3742
PARKVIEW AVE,3050
COLONIAL AVE,1184
ESPLANADE,1782
WILLIAMSBRIDGE RD,4175
CONTINENTAL AVE,1210
HERING AVE,2174
SEMINOLE AVE,3456
MIDDLETOWN RD,2768
PILGRIM AVE,3102
MAHAN AVE,2641
EDISON AVE,1705
EASTCHESTER RD,1691
YATES AVE,4245
HOBART AVE,2214
ROBERTS AVE,3299
JARVIS AVE,2330
BUHRE AVE,971
LAURIE AVE,2492
MAYFLOWER AVE,2719
SANDS PL,3399
MAITLAND AVE,2646
ERICSON PL,1776
ST THERESA AVE,3579
FERRIS PL,1836
MULFORD AVE,2843
ROEBLING AVE,3325
BENSON ST,803
OVERING ST,3008
FRISBY AVE,1901
SEABURY AVE,3436
BLONDELL AVE,846
SEDDON ST,3447
ST PAUL AVE,3573
SCHUYLER PL,3428
WILLOW LN,4181
ST PETERS AVE,3577
NARRAGANSETT AVE,2872
PURITAN AVE,3181
CODDINGTON AVE,1164
FULLER ST,1910
HALPERIN AVE,2080
BUCK ST,966
BALCOM AVE,674
LIBBY PL,2532
TENBROECK AVE,3687
BAISLEY AVE,671
LYVERE ST,2621
BURR AVE,984
ARNOW PL,599
DANIEL ST,1320
HAIGHT AVE,2070
JARRETT PL,2329
PONTON AVE,3140
CORNELL PL,1226
GILLESPIE AVE,1962
MERRY AVE,2754
CHOCTAW PL,1116
VREELAND AVE,3865
ZULETTE AVE,4256
LATTING ST,2488
HARRINGTON AVE,2111
DORSEY ST,1425
HUBBELL ST,2258
ROWE ST,3351
FINK AVE,1847
ELLISON AVE,1739
WELLMAN AVE,4122
EDWARDS AVE,1712
BRADFORD AVE,889
LA SALLE AVE,2453
ROSELLE ST,3343
WATERS PL,4095
HASKIN ST,2126
KELLY ST,2394
SIMPSON ST,3502
FOX ST,1884
BOONE AVE,867
HOME ST,2229
VYSE AVE,3868
LOUIS NINE BLVD,2596
JENNINGS ST,2340
INTERVALE AVE,2297
ROGERS PL,3329
HEWITT PL,2186
HOE AVE,2217
FREEMAN ST,1896
DAWSON ST,1334
BECK ST,767
CHARLOTTE ST,1094
WHITLOCK AVE,4154
HALL PL,2076
ALDUS ST,527
W FARMS RD,4043
CHISHOLM ST,1114
BRISTOW ST,931
STEBBINS AVE,3597
LOWELL ST,2600
E 160 ST,1518
E 165 ST,1523
LYMAN PL,2614
E 164 ST,1522
RITTER PL,3291
VERNON BLVD,3834
CENTER BLVD,1078
HUNTER ST,2274
PURVES ST,3183
46 RD,312
BORDEN AVE,870
27 ST,258
VAN DAM ST,3798
DAVIS ST,1332
STEINWAY ST,3601
THOMSON AVE,3702
COURT SQ,1245
QUEENS ST,3190
STARR AVE,3590
HUNTERS POINT AVE,2275
44 DR,305
44 RD,306
35 ST,282
11 ST,26
REVIEW AVE,3262
40 AVE,295
DUTCH KILLS ST,1463
47 RD,315
194 ST,180
166 ST,144
163 ST,136
STATION RD,3595
JORDAN ST,2361
DEPOT RD,1369
SANFORD AVE,3401
LABURNUM AVE,2456
CROCHERON AVE,1267
UTOPIA PKWY,3787
189 ST,172
162 ST,135
PIDGEON MEADOW RD,3097
161 ST,134
E 213 ST,1568
MICKLE AVE,2765
VANCE ST,3814
ASTOR AVE,613
ADEE AVE,499
FISH AVE,1850
GUNTHER AVE,2064
HAMMERSLEY AVE,2089
BRONXWOOD AVE,942
SEYMOUR AVE,3463
PELHAM PKWY N,3064
ALLERTON AVE,533
WARING AVE,4078
BOUCK AVE,875
WICKHAM AVE,4161
TIEMANN AVE,3715
BRUNER AVE,958
GRACE AVE,1999
E GUN HILL RD,1672
FENTON AVE,1830
OAKLEY ST,2956
NEEDHAM AVE,2887
PEARSALL AVE,3060
MACE AVE,2623
EDSON AVE,1709
KINGSLAND AVE,2429
ARNOW AVE,598
DUNCAN ST,1450
YOUNG AVE,4251
DELANOY AVE,1358
GABRIEL DR,1917
E 220 ST,1576
STELL PL,3602
E 222 ST,1577
MAGENTA ST,2639
ELY AVE,1761
CORSA AVE,1232
LODOVICK AVE,2571
SEXTON PL,3462
DEWITT PL,1384
E 215 ST,1570
E 217 ST,1572
E 152 ST,1511
CAULDWELL AVE,1067
AVE ST JOHN,650
TINTON AVE,3726
CONCORD AVE,1199
WALES AVE,4063
TRINITY AVE,3747
E 155 ST,1513
AUSTIN PL,631
EAGLE AVE,1684
MACY PL,2634
TIMPSON PL,3725
E 149 ST,1508
PONTIAC PL,3138
STRATFORD AVE,3624
WARD AVE,4074
CLOSE AVE,1157
MANOR AVE,2664
HARROD AVE,2116
FTELEY AVE,1908
BLACKROCK AVE,840
CHATTERTON AVE,1098
E 172 ST,1531
BLUE SLIP,850
COMMERCIAL ST,1195
MONITOR ST,2798
HERBERT ST,2172
MCGUINNESS BLVD,2727
NASSAU AVE,2877
JEWEL ST,2349
NEWEL ST,2912
JAVA ST,2332
KENT ST,2407
ECKFORD ST,1698
FRANKLIN ST,1891
N HENRY ST,2858
DIAMOND ST,1387
NEWTON ST,2917
NOBLE ST,2926
MEEKER AVE,2734
SUTTON ST,3661
DRIGGS AVE,1441
BAYARD ST,748
GUERNSEY ST,2058
DOBBIN ST,1406
OAK ST,2951
MILTON ST,2785
BANKER ST,684
CALYER ST,1005
EAGLE ST,1686
NORMAN AVE,2933
INDIA ST,2291
ENGERT AVE,1771
RICHARDSON ST,3274
FROST ST,1903
ASH ST,606
PROVOST ST,3173
MESEROLE AVE,2757
MOULTRIE ST,2835
CLAY ST,1140
DIVISION PL,1402
APOLLO ST,574
HAUSMAN ST,2132
BEADEL ST,761
VARICK ST,3826
WITHERS ST,4207
PAIDGE AVE,3024
THOMAS ST,3700
LOMBARDY ST,2575
BRIDGEWATER ST,905
VANDERVOORT AVE,3821
W 65 ST,4008
W 62 ST,4007
W 73 ST,4014
COLUMBUS AVE,1190
RIVERSIDE DR,3296
W 72 ST,4013
W 68 ST,4009
W END AVE,4042
W 74 ST,4015
W 71 ST,4012
W 59 ST,4005
W 70 ST,4011
WILLMOHR ST,4178
RUTLAND RD,3367
WINTHROP ST,4204
OSBORN ST,2999
GRAFTON ST,2004
JUNIUS ST,2371
CHESTER ST,1107
MOTHER GASTON BLVD,2831
AMBOY ST,546
SACKMAN ST,3391
TAPSCOTT ST,3675
E NEW YORK AVE,1678
POWELL ST,3157
SARATOGA AVE,3404
THOMAS S BOYLAND ST,3699
THATFORD AVE,3693
STRAUSS ST,3627
HERZL ST,2180
LEGION ST,2511
LOTT AVE,2592
CHRISTOPHER AVE,1118
WATKINS ST,4097
E 93 ST,1657
ELMHURST AVE,1746
LEVERICH ST,2523
93 ST,473
94 ST,475
31 AVE,272
ASTOR PL,614
GREENE ST,2037
WASHINGTON PL,4086
COOPER SQ,1218
WAVERLY PL,4104
MERCER ST,2746
STUYVESANT ST,3639
E 10 ST,1471
UNION SQ,3776
TARAS SHEVCHENKO PL,3676
GRAMERCY PARK,2007
PEMBROKE AVE,3069
ALAMEDA AVE,510
65 AVE,381
THORNHILL AVE,3703
73 AVE,412
MARYLAND RD,2704
GLENWOOD ST,1980
NASSAU BLVD,2878
61 AVE,367
BEECHKNOLL AVE,777
62 AVE,370
N PORTLAND AVE,2864
SKILLMAN ST,3507
SPENCER ST,3537
WALWORTH ST,4073
KOSCIUSZKO ST,2447
WASHINGTON PARK,4085
KENT AVE,2406
TAAFFE PL,3669
RYERSON ST,3376
HALL ST,2077
EMERSON PL,1766
WARSOFF PL,4080
N ELLIOTT PL,2856
AUBURN PL,624
N OXFORD ST,2862
SPENCER CT,3534
HAVEMEYER ST,2134
HOOPER ST,2238
DEVOE ST,1378
AINSLIE ST,506
RUTLEDGE ST,3369
DIVISION AVE,1401
POWERS ST,3160
CONSELYEA ST,1208
HOPE ST,2241
CLYMER ST,1162
ROEBLING ST,3326
HEWES ST,2184
RODNEY ST,3323
ROSS ST,3348
WILSON ST,4189
KEAP ST,2384
OLIVE ST,2982
MASPETH AVE,2708
BORINQUEN PL,871
SHARON ST,3468
JUDGE ST,2364
ORIENT AVE,2996
WOODPOINT RD,4221
S 9 ST,3378
S 3 ST,3377
DEBEVOISE AVE,1343
N 8 ST,2853
HULL ST,2269
BAINBRIDGE ST,670
ROCHESTER AVE,3307
SUMPTER ST,3651
MAC DOUGAL ST,2622
BUFFALO AVE,970
MACON ST,2632
PORTAL ST,3147
MARION ST,2687
BANCROFT PL,681
MALCOLM X BLVD,2648
PATCHEN AVE,3054
SOMERS ST,3522
ROOSEVELT PL,3337
HAVENS PL,2137
PLEASANT PL,3121
KANE PL,2376
COLUMBUS PL,1192
RADDE PL,3203
SHERLOCK PL,3482
GUNTHER PL,2065
SHORE RD,3493
GELSTON AVE,1945
MARINE AVE,2685
BAY RIDGE PL,745
PERRY TER,3086
DAHLGREN PL,1308
POLY PL,3135
GATLING PL,1942
AVE S,649
SEBA AVE,3445
GERRITSEN AVE,1954
GRAVESEND NECK RD,2025
STUART ST,3635
LOIS AVE,2574
NOEL AVE,2927
CYRUS AVE,1304
FRANK CT,1888
BURNETT ST,981
MADISON PL,2636
AVE W,654
AVE V,653
BEVY CT,823
BIJOU AVE,826
DICTUM CT,1391
FLORENCE AVE,1859
HAZEL CT,2147
W 13 ST,3890
W 11 ST,3874
VILLAGE RD S,3852
VAN SICKLEN ST,3809
MURDOCK CT,2848
HIGHLAWN AVE,2196
LAKE ST,2468
AVE X,655
STRYKER ST,3634
LANCASTER AVE,2477
SHELL RD,3474
BILLINGS PL,827
VILLAGE RD E,3850
VILLAGE RD N,3851
CRAWFORD AVE,1259
STRYKER CT,3633
WHITNEY PL,4157
SLOAN PL,3510
LAKE PL,2467
W 12 ST,3882
W 10 ST,3869
VILLAGE CT,3849
BOYNTON PL,886
W 3 ST,3987
APPLEGATE CT,576
W 82 ST,4022
W 80 ST,4020
W 81 ST,4021
W 83 ST,4023
W 85 ST,4025
W 87 ST,4027
W 78 ST,4017
W 79 ST,4018
W 90 ST,4031
W 86 ST,4026
W 84 ST,4024
W 77 ST,4016
W 89 ST,4029
W 88 ST,4028
SURF AVE,3655
W 21 ST,3960
MERMAID AVE,2749
W 23 ST,3969
SEA BREEZE AVE,3435
CANAL AVE,1018
POLAR ST,3132
W 24 ST,3978
W 25 ST,3980
W 19 ST,3949
W BRIGHTON AVE,4036
W 20 ST,3955
POPLAR AVE,3142
W 30 ST,3988
W 22 ST,3965
ORLOFF AVE,2998
W 230 ST,3970
W 232 ST,3972
IRWIN AVE,2307
NETHERLAND AVE,2897
BAILEY AVE,667
WALDO AVE,4060
W 228 ST,3968
TERRACE VIEW AVE,3691
REVIEW PL,3263
CORLEAR AVE,1222
W 233 ST,3973
W 236 ST,3975
JACOBUS PL,2318
TIBBETT AVE,3713
HEATH AVE,2151
VAN CORTLANDT PARK S,3797
STEVENSON PL,3611
GODWIN TER,1982
KINGSBRIDGE TER,2427
ALBANY CRES,513
MARBLE HILL AVE,2677
FIELDSTON RD,1840
GREYSTONE AVE,2047
SUMMIT PL,3646
CANNON PL,1027
BLACKSTONE AVE,841
BAILEY PL,668
KIMBERLY PL,2418
KAPPOCK ST,2378
GILES PL,1961
OXFORD AVE,3011
FAIRFIELD AVE,1805
ADRIAN AVE,503
PEROT ST,3083
GOUVERNEUR AVE,1996
GALE PL,1919
W 225 ST,3966
W 227 ST,3967
FT INDEPENDENCE ST,1906
W 238 ST,3976
NAPLES TER,2871
PALISADE AVE,3026
PUTNAM AVE W,3185
W 242 ST,3979
W 231 ST,3971
W 235 ST,3974
VAN HORN ST,3802
SIMONSON ST,3501
JUSTICE AVE,2373
58 AVE,350
55 AVE,339
53 AVE,332
DENMAN ST,1367
BRITTON AVE,932
GLEANE ST,1971
ELBERTSON ST,1720
SEABURY ST,3438
91 ST,468
KNEELAND AVE,2441
FORLEY ST,1874
ASKE ST,611
BENHAM ST,797
BAXTER AVE,718
VAN LOON ST,3804
VAN KLEECK ST,3803
CODWISE PL,1165
ALBION AVE,521
HILLYER ST,2209
WHITNEY AVE,4156
CASE ST,1053
CORNISH AVE,1227
ANKENER AVE,568
ITHACA ST,2313
LAMONT AVE,2473
VIETOR AVE,3847
ELKS RD,1733
KETCHAM ST,2412
MACNISH ST,2628
POYER ST,3161
HASPEL ST,2127
PETTIT AVE,3093
HAMPTON ST,2093
ST JAMES AVE,3557
WETHEROLE ST,4143
BOOTH ST,869
MANILLA ST,2661
IRELAND ST,2302
GORSLINE ST,1993
GOLDSMITH ST,1988
LAYTON ST,2498
KNEELAND ST,2442
REEDER ST,3233
WOODHAVEN BLVD,4216
JACOBUS ST,2319
ELIOT AVE,1727
W 149 ST,3910
W 148 ST,3909
W 146 ST,3907
CONVENT AVE,1212
ST NICHOLAS TER,3571
HAMILTON PL,2085
HAMILTON TER,2087
ST NICHOLAS PL,3570
W 151 ST,3912
W 147 ST,3908
HEALY AVE,2149
SEAGIRT AVE,3439
BCH 19 ST,756
NEW HAVEN AVE,2901
LANETT AVE,2479
MOTT AVE,2833
CORNAGA AVE,1223
SEAGIRT BLVD,3440
ELVIRA AVE,1758
BRUNSWICK AVE,959
NEILSON ST,2891
REDFERN AVE,3230
HASSOCK ST,2128
ELK DR,1730
PINSON ST,3110
COLLIER AVE,1181
GIPSON ST,1965
MCBRIDE ST,2722
GRASSMERE TER,2022
PLAINVIEW AVE,3116
GATEWAY BLVD,1940
GARDEN CT,1925
EGGERT PL,1716
BAYPORT PL,751
DINSMORE AVE,1397
WATERLOO PL,4092
NORTON DR,2939
OCEAN CREST BLVD,2962
GRANDVIEW TER,2013
DWIGHT AVE,1466
DICKENS ST,1389
FERNSIDE PL,1835
BRIAR PL,902
LORETTA RD,2582
ALMEDA AVE,536
BROOKHAVEN AVE,946
ROCKAWAY BEACH BLVD,3309
REGINA AVE,3240
DIX AVE,1404
DAVIES RD,1330
NAMEOKE AVE,2868
FAR ROCKAWAY BLVD,1816
EVERDELL AVE,1790
CAFFREY AVE,999
MUHLEBACH CT,2839
DORIAN CT,1422
NASBY PL,2875
SAGE ST,3394
BAYSWATER AVE,753
CAMP RD,1013
LEWMAY RD,2529
HOLLYWOOD CT,2227
CHANDLER ST,1087
SHORE FRONT PKWY,3491
CRONSTON AVE,1272
NEWPORT AVE,2915
ROCKAWAY BEACH DR,3310
HAMILTON ST,2086
GORDON ST,1992
PARK HILL AVE,3034
PROSPECT ST,3172
WRIGHT ST,4236
THOMPSON ST,3701
RICHMOND RD,3277
CEDAR ST,1073
HUDSON ST,2263
GREENFIELD AVE,2038
TARGEE ST,3677
OSGOOD AVE,3001
TACOMA ST,3670
ELBE AVE,1719
ODER AVE,2971
HANOVER AVE,2097
RALPH PL,3212
SPARKILL AVE,3531
NEWBERRY AVE,2910
HARRISON ST,2115
BEACH ST,759
PURROY PL,3182
PALMA DR,3027
MOSEL AVE,2828
N RAILROAD AVE,2865
PLEASANT VALLEY AVE,3123
BROWNELL ST,955
BREWSTER ST,901
LAUREL AVE,2489
DUTCHESS AVE,1465
BOWEN ST,878
CEBRA AVE,1069
FAIRWAY AVE,1811
PARK HILL CIR,3035
PARK HILL CT,3036
PARK HILL LN,3037
COURSEN PL,1244
TOMPKINS ST,3734
BOYD ST,883
DALEMERE RD,1313
MANTON PL,2669
ROFF ST,3327
UPTON ST,3783
MASON ST,2707
WAVE ST,4102
YOUNG ST,4252
ELLINGTON ST,1735
OPUS CT,2991
MARK ST,2689
WHITAKER PL,4147
MEADOW AVE,2730
STANWICH ST,3587
BEAR ST,762
QUINN ST,3199
HARDY ST,2105
OCCIDENT AVE,2960
CHAPIN AVE,1089
ROME AVE,3334
HUNTON ST,2278
HOLLY ST,2225
VISTA AVE,3860
DELAWARE ST,1360
RIDGE AVE,3282
RHINE AVE,3266
URBANA ST,3784
BALTIC AVE,677
BARCLAY CIR,689
ELTINGVILLE BLVD,1753
SYLVIA ST,3667
ALEXANDER AVE,528
ARTHUR KILL RD,601
CORTELYOU AVE,1234
GETZ AVE,1958
BRANDIS AVE,895
WAINWRIGHT AVE,4057
BELFIELD AVE,785
LEVERETT AVE,2522
VINELAND AVE,3854
RUXTON AVE,3370
HOLCOMB AVE,2219
RATHBUN AVE,3222
EDGEGROVE AVE,1702
NIPPON AVE,2924
IONIA AVE,2300
S RAILROAD ST,3387
BARLOW AVE,695
MARNE AVE,2693
KATAN AVE,2379
MOSELY AVE,2829
LYNDALE AVE,2617
ST ALBANS PL,3547
N PINE TER,2863
GENESEE AVE,1946
THORNYCROFT AVE,3706
HUGUENOT AVE,2267
POILLON AVE,3130
BENNETT AVE,799
RETFORD AVE,3257
OAKDALE ST,2953
PRESTON AVE,3165
KINGHORN ST,2423
ARDEN AVE,584
WINCHESTER AVE,4195
LADD AVE,2459
TOKEN ST,3730
TYNAN ST,3767
KENILWORTH AVE,2398
WOODROW RD,4222
WATKINS AVE,4096
ANNADALE RD,570
HALPIN AVE,2081
BALLARD AVE,676
DAHLIA ST,1309
RENSSELAER AVE,3250
RAMONA AVE,3215
OCEANIC AVE,2966
BLUE HERON DR,849
GROTON ST,2053
ROBINSON AVE,3303
BEACH RD,758
TENNYSON DR,3689
SHERIDAN PL,3481
DETROIT AVE,1375
MOTT ST,2834
BARTLETT AVE,704
WOEHRLE AVE,4208
SNEDEN AVE,3519
ALMOND ST,537
STAFFORD AVE,3582
DOGWOOD DR,1408
RUSSEK DR,3360
LEGATE AVE,2507
SHELDON AVE,3473
DARLINGTON AVE,1323
OCEANVIEW AVE,2968
EVERTON AVE,1794
DELMAR AVE,1362
ANACONDA ST,559
HINTON ST,2213
HEFFERNAN ST,2155
GOLD AVE,1985
CHERYL AVE,1104
IBSEN AVE,2287
VON BRAUN AVE,3863
SHIFT PL,3485
SEIDMAN AVE,3451
DORVAL AVE,1426
FORRESTAL AVE,1876
SINCLAIR AVE,3503
ELLSWORTH AVE,1740
HAWLEY AVE,2141
GRANTWOOD AVE,2020
CARLTON BLVD,1032
CROWN AVE,1288
POMPEY AVE,3136
FIGUREA AVE,1841
SANDGAP ST,3398
HOLDRIDGE AVE,2220
BARCLAY AVE,688
DEISIUS ST,1351
PRALL AVE,3162
JEANNETTE AVE,2335
CANTON AVE,1029
KOCH BLVD,2446
MEMPHIS AVE,2744
HALES AVE,2074
SPERRY PL,3538
RYE AVE,3374
RIDGECREST AVE,3285
REGENT CIR,3238
HICKORY CIR,2191
BERRY AVE,815
EAGAN AVE,1683
BENNETT PL,800
ALLEN PL,529
LIPSETT AVE,2549
CHESTNUT CIR,1110
VESPA AVE,3839
GREEN VALLEY RD,2034
EBEY LN,1694
SUTTON PL,3659
BOYLAN ST,884
KENMORE ST,2401
MACON AVE,2631
PETRUS AVE,3092
FUTURITY PL,1916
ARBUTUS AVE,578
NOTUS AVE,2945
OBAN ST,2959
PHILIP AVE,3095
LAMOKA AVE,2472
RAY ST,3224
BIRCH LN,832
ROLLING HILL GREEN,3330
ZEPHYR AVE,4253
BERTRAM AVE,817
FABIAN ST,1800
JEFFERSON BLVD,2337
E TENAFLY AVE,1681
BENT ST,804
ROCHELLE PL,3306
RANKIN ST,3218
LORRAINE AVE,2588
GARY ST,1937
TENAFLY PL,3686
KINGDOM AVE,2422
MC ARTHUR AVE,2721
PACIFIC AVE,3014
DAFFODIL CT,1306
HEENAN AVE,2154
LITTLEFIELD AVE,2556
CHATHAM ST,1097
LAREDO AVE,2484
AUGUSTA AVE,627
SCRANTON AVE,3431
WEST TER,4129
ROXBURY ST,3353
ARLINGTON PL,592
GOETHALS RD N,1984
GRANITE AVE,2015
BRABANT ST,887
CONTINENTAL PL,1211
VAN PELT AVE,3807
SPARTAN AVE,3532
AMITY PL,551
ANDROS AVE,567
LUDWIG LN,2607
BIRCH RD,833
GRANDVIEW AVE,2011
LOCKMAN AVE,2568
LISK AVE,2551
PULASKI AVE,3175
HARBOR RD,2102
DAVIDSON ST,1329
DIXON AVE,1405
WILCOX ST,4165
NORTHFIELD AVE,2937
FANCHER PL,1814
MARTINEAU ST,2701
MERSEREAU AVE,2756
VAN NAME AVE,3805
LAKE AVE,2466
MACORMAC PL,2633
SIMONSON AVE,3499
ANDREA PL,564
FARRAGUT AVE,1820
LA SALLE ST,2454
ROSECLIFF RD,3341
AMADOR ST,543
FEDERAL PL,1827
ALBERT CT,517
HOOKER PL,2237
MORNINGSTAR RD,2821
BUSH AVE,986
WRIGHT AVE,4235
HEUSDEN ST,2183
WINANT ST,4194
WENLOCK ST,4124
CONFEDERATION PL,1202
DOWNEY PL,1433
BRUCKNER AVE,956
RONALD AVE,3335
WOODCREST RD,4215
DE HART AVE,1336
WESTBROOK AVE,4130
MELYN PL,2742
BOWLES AVE,880
BENJAMIN PL,798
WALKER ST,4064
DAVID PL,1327
LEYDEN AVE,2531
CHRISTOPHER ST,1119
YALE ST,4244
HEANEY AVE,2150
CAROL PL,1038
HUDSON PL,2262
MAPLE PKWY,2673
TUDOR CITY PL,3757
E 40 ST,1612
E 44 ST,1616
E 42 ST,1614
E 46 ST,1618
GOODWIN PL,1991
KOSSUTH PL,2449
LAWTON ST,2496
DODWORTH ST,1407
CHARLES PL,1091
ALBANY AVE,512
LEFFERTS AVE,2504
FENIMORE ST,1829
KINGSTON AVE,2432
MIDWOOD ST,2771
BROOKLYN AVE,947
JODIE CT,2351
HAWTHORNE ST,2143
MAPLE ST,2674
WHITTY LN,4159
E 48 ST,1619
E 34 ST,1606
E 37 ST,1609
E 43 ST,1615
KOSSUTH AVE,2448
OLINVILLE AVE,2981
HULL AVE,2268
BARKER AVE,692
E 211 ST,1567
W GUN HILL RD,4046
ROCHAMBEAU AVE,3305
E 209 ST,1565
RESERVOIR PL,3256
STEUBEN AVE,3609
WAYNE AVE,4105
REISS PL,3243
PARKSIDE PL,3049
TRYON AVE,3756
WILLETT AVE,4171
GATES PL,1939
THWAITES PL,3712
S OAK DR,3383
CARLISLE PL,1030
N OAK DR,2861
BARTHOLDI ST,703
PUTNAM PL,3186
HOLT PL,2228
ROSEWOOD ST,3345
RESERVOIR OVAL E,3255
E MOSHOLU PKWY N,1676
E 216 ST,1571
W MOSHOLU PKWY N,4050
KINGS COLLEGE PL,2424
DUNCOMB AVE,1451
E 208 ST,1564
E 218 ST,1573
E 219 ST,1574
E 214 ST,1569
E 205 ST,1562
E 207 ST,1563
HAVEN AVE,2135
BARBARA ST,686
NEW DORP LN,2900
MORTON ST,2827
ROSE AVE,3338
STEELE AVE,3598
JACQUES AVE,2320
STOBE AVE,3616
WEED AVE,4110
CEDAR GROVE CT,1072
CHAMPLAIN AVE,1085
FAIRBANKS AVE,1803
KELVIN AVE,2395
SHERIDAN CT,3480
VINCENT AVE,3853
WOLVERINE ST,4210
RIEDEL AVE,3288
CLAWSON ST,1138
CANNON BLVD,1026
MILL RD,2778
MALDEN PL,2649
MEDINA ST,2733
RIGA ST,3290
MAPLETON AVE,2675
BADEN PL,666
HEMPSTEAD AVE,2160
COVERLY ST,1249
AULTMAN AVE,628
MACE ST,2624
CENTER ST,1079
WILDER AVE,4167
AINSWORTH AVE,507
AMBOY RD,545
TYSENS LN,3770
EBONY ST,1695
MEADOW PL,2731
PENN AVE,3077
GRANT PL,2018
FRANCINE CT,1886
LUKE CT,2609
COTTER AVE,1240
COLFAX AVE,1174
GREELEY AVE,2032
ALLISON PL,535
GUYON AVE,2069
MIDLAND AVE,2769
MOBILE AVE,2794
EVERGREEN ST,1792
W CEDARVIEW AVE,4041
BISHOP ST,836
MALONE AVE,2652
MONTREAL AVE,2812
PENDALE ST,3073
DURANT AVE,1458
EMMET AVE,1767
HOPKINS AVE,2242
PRINCETON AVE,3167
BELFAST AVE,784
POULTNEY ST,3155
KISWICK ST,2438
COLONY AVE,1186
MORELAND ST,2816
BEACON AVE,760
NATICK ST,2880
ACORN ST,494
PINEWOOD AVE,3109
CEDARVIEW AVE,1076
GRIMSBY ST,2048
PETER AVE,3091
LOCUST AVE,2569
BURBANK AVE,974
WINHAM AVE,4201
ROMA AVE,3331
ALLISON AVE,534
ROSS AVE,3347
TARRYTOWN AVE,3678
DALE AVE,1311
FALCON AVE,1812
OAK AVE,2949
CHESTERTON AVE,1108
HAMDEN AVE,2083
BANCROFT AVE,680
REDWOOD AVE,3231
BOUNDARY AVE,876
DALTON AVE,1315
ADAMS AVE,496
EDISON ST,1706
TITUS AVE,3728
JOEL PL,2352
AMHERST AVE,549
SANILAC ST,3402
ARDSLEY ST,587
JUSTIN AVE,2374
BAY TER,747
GREENCROFT AVE,2035
CUBA AVE,1293
ISERNIA AVE,2311
OLDFIELD ST,2979
RUDYARD ST,3357
FINLEY AVE,1849
MILTON AVE,2783
STERLING AVE,3606
ISABELLA AVE,2310
TAUNTON ST,3679
BLYTHE PL,851
SPRATT AVE,3541
CEDAR GROVE AVE,1071
REVERE LN,3259
GRAYSON ST,2028
THOLLEN ST,3698
TWOMBLY AVE,3765
CURRIE AVE,1296
E 102 ST,1474
E 110 ST,1483
E 111 ST,1484
E 105 ST,1477
E 112 ST,1485
E 97 ST,1661
E 101 ST,1473
E 104 ST,1476
E 113 ST,1486
E 109 ST,1481
E 107 ST,1479
E 99 ST,1663
214 ST,209
SPRINGFIELD BLVD,3543
EDMORE AVE,1707
GETTYSBURG ST,1957
212 ST,206
218 PL,215
91 AVE,467
208 ST,200
SAWYER AVE,3409
STRONGHURST AVE,3632
RANSOM ST,3219
WHITEHALL TER,4152
SPENCER AVE,3533
218 ST,216
PONTIAC ST,3139
HARTLAND AVE,2122
PECK AVE,3062
215 PL,210
RANGE ST,3217
213 ST,207
207 ST,198
COLFAX ST,1175
BELLAIRE PL,788
223 ST,225
217 PL,213
112 RD,31
103 AVE,11
99 AVE,485
DELEVAN ST,1361
228 ST,229
211 ST,205
226 ST,228
114 RD,36
235 ST,239
232 ST,236
NASHVILLE BLVD,2876
220 ST,222
116 AVE,40
230 ST,234
EATON PL,1693
MAPLE AVE,2672
PORT RICHMOND AVE,3146
NICHOLAS AVE,2920
HAMLIN PL,2088
MONTELL ST,2805
CHARLES AVE,1090
HAUGHWOUT AVE,2131
DECKER AVE,1348
VREELAND ST,3866
ORANGE AVE,2992
HATFIELD PL,2130
ST JOSEPHS AVE,3563
VAN RIPER ST,3808
HEBERTON AVE,2152
TREADWELL AVE,3744
FABER ST,1799
COTTAGE PL,1239
CRITTENDEN PL,1265
HOMESTEAD AVE,2233
ALBION PL,522
LARKIN ST,2485
DERBY CT,1371
LAFORGE PL,2463
SHARPE AVE,3469
SIMONSON PL,3500
TRANTOR PL,3741
CORTLANDT ST,1236
RIEGELMANN ST,3289
BURNSIDE AVE,983
ELDRIDGE AVE,1724
GROVE AVE,2054
WILLOWBROOK CT,4186
HOUSTON ST,2249
ORDELL AVE,2995
BLACKFORD AVE,839
BENNETT ST,801
SMITH PL,3517
GALLOWAY AVE,1921
NEWARK AVE,2909
INNIS ST,2296
E 138 ST,1502
E 137 ST,1501
E 139 ST,1503
POWERS AVE,3159
BROWN PL,953
E 132 ST,1499
E 135 ST,1500
E 142 ST,1506
WALNUT AVE,4068
ST MARYS ST,3568
BEECH TER,776
E 141 ST,1505
BEEKMAN AVE,780
67 RD,389
70 RD,402
70 AVE,401
63 AVE,374
YELLOWSTONE BLVD,4247
AUSTIN ST,632
ASCAN AVE,603
CLYDE ST,1161
DARTMOUTH ST,1325
SELFRIDGE ST,3453
HARROW ST,2117
INGRAM ST,2295
OLCOTT ST,2975
MANSE ST,2667
KEW FOREST LN,2413
FLEET ST,1857
JEWEL AVE,2348
NANSEN ST,2869
LOUBET ST,2595
KESSEL ST,2411
DANE PL,1317
BURNS ST,982
64 RD,379
68 DR,392
73 RD,414
JUNO ST,2372
110 ST,27
72 RD,410
71 DR,405
APEX PL,573
90 AVE,464
KINGSTON PL,2433
178 ST,159
HIGHLAND AVE,2193
SURREY PL,3656
DALNY RD,1314
WEXFORD TER,4144
GOETHALS AVE,1983
HENLEY RD,2166
TUDOR RD,3759
DEVONSHIRE RD,1382
MAYFIELD RD,2718
AVON ST,661
CEDARCROFT RD,1075
GOTHIC DR,1994
KENDRICK PL,2397
RADNOR ST,3207
CLINTON TER,1155
NORMAL RD,2931
BURDETTE PL,977
CHEVY CHASE ST,1112
SOMERSET ST,3523
RADNOR RD,3206
WARWICK CRES,4082
AVON RD,660
AVA PL,634
165 ST,142
85 DR,447
179 ST,161
181 ST,164
HOMELAWN ST,2231
WAREHAM PL,4077
PERTH RD,3089
BARNETT AVE,698
39 PL,292
28 ST,263
DITMARS BLVD,1398
21 AVE,201
SOUND ST,3526
ASTORIA BLVD N,616
21 DR,202
22 DR,219
21 RD,203
STEINWAY PL,3600
20 RD,189
DOUGLASTON PKWY,1431
MARATHON PKWY,2676
WESTMORELAND ST,4139
LITTLE NECK PKWY,2554
HAZEN ST,2148
19 RD,174
75 ST,420
116 ST,41
129 ST,65
131 ST,71
115 ST,39
14 RD,88
POPPENHUSEN AVE,3145
123 ST,57
118 ST,45
124 ST,58
125 ST,59
120 ST,51
128 ST,63
POWELLS COVE BLVD,3158
13 AVE,66
HOLLY AVE,2224
58 RD,353
60 AVE,361
GERANIUM AVE,1952
JASMINE AVE,2331
ASH AVE,605
AVERY AVE,658
BLOSSOM AVE,848
KISSENA BLVD,2437
CHERRY AVE,1101
BOOTH MEMORIAL AVE,868
BEECH AVE,775
NEGUNDO AVE,2888
SYRINGA PL,3668
BURLING ST,980
COLDEN ST,1170
FRAME PL,1885
HAIGHT ST,2071
SMART ST,3514
SAULL ST,3405
ROBINSON ST,3304
POPLE AVE,3144
KALMIA AVE,2375
CROMMELIN ST,1269
FULLER PL,1909
BYRD ST,995
ELM AVE,1743
137 ST,83
154 PL,122
JUNIPER AVE,2370
QUINCE AVE,3195
GEORGIA RD,1950
59 AVE,355
136 ST,81
220 PL,221
CORPORAL STONE ST,1230
219 ST,217
214 PL,208
217 ST,214
45 DR,309
216 ST,212
CLOVERDALE BLVD,1159
75 AVE,418
223 PL,224
229 ST,230
67 AVE,386
233 ST,237
KINGSBURY AVE,2428
60 LN,363
ONDERDONK AVE,2987
NORMAN ST,2934
77 AVE,423
71 AVE,404
79 PL,431
71 PL,406
78 AVE,427
67 PL,388
69 PL,398
FRESH POND RD,1899
STEPHEN ST,3603
CATALPA AVE,1060
SUMMERFIELD ST,3644
BUTLER AVE,991
TRAFFIC AVE,3740
RICARD ST,3268
RUTLEDGE AVE,3368
RENE CT,3249
AMORY CT,553
EDSALL AVE,1708
CODY AVE,1166
83 AVE,439
68 RD,394
64 LN,377
ST FELIX AVE,3553
STIER PL,3614
CYPRESS HILLS ST,1303
OTTO RD,3006
DORAN AVE,1420
MARGARET PL,2682
TROTTING COURSE LN,3749
68 PL,393
ST JOHNS RD,3562
64 PL,378
SHALER AVE,3466
72 PL,409
79 LN,430
60 PL,364
TONSOR ST,3735
THAYER ST,3694
DYCKMAN ST,1468
DONGAN PL,1413
ELLWOOD ST,1742
NAGLE AVE,2866
W 187 ST,3946
ARDEN ST,585
BROADWAY TER,936
AUDUBON AVE,626
OVERLOOK TER,3009
BOGARDUS PL,855
SICKLES ST,3494
WADSWORTH TER,4056
W 188 ST,3947
W 191 ST,3951
FT GEORGE AVE,1904
W 192 ST,3952
W 189 ST,3948
GRACIE SQ,2001
GRACIE TER,2002
E 166 ST,1524
FINDLAY AVE,1845
BONNER PL,866
CROTONA PL,1286
JEFFERSON PL,2338
GRAND CONC,2009
WEIHER CT,4114
E 158 ST,1516
E 163 ST,1521
PINEHURST AVE,3107
W 186 ST,3945
W 185 ST,3944
CABRINI BLVD,998
CHITTENDEN AVE,1115
LAUREL HILL TER,2491
W 181 ST,3940
W 177 ST,3936
W 178 ST,3937
KENILWORTH PL,2399
HILLEL PL,2205
ALTON PL,541
AMERSFORT PL,547
AURELIA CT,629
HUBBARD PL,2256
BAY AVE,740
OLEAN ST,2980
AVE I,641
WORTH ST,4232
MULBERRY ST,2842
W BROADWAY,4037
VESTRY ST,3840
READE ST,3227
LISPENARD ST,2552
BAXTER ST,719
PELL ST,3066
HOWARD ST,2251
CHARLTON ST,1095
CHAMBERS ST,1084
WOOSTER ST,4231
CROSBY ST,1276
LAIGHT ST,2465
N MOORE ST,2860
DOMINICK ST,1409
HUBERT ST,2259
DUANE ST,1444
RENWICK ST,3252
DESBROSSES ST,1373
WATTS ST,4101
VANDAM ST,3816
ERICSSON PL,1777
CENTRE MARKET PL,1081
CHATHAM SQ,1096
W HOUSTON ST,4047
MOHEGAN AVE,2796
MAPES AVE,2671
GARFIELD ST,1931
MEAD ST,2729
HONEYWELL AVE,2235
MARMION AVE,2692
DALY AVE,1316
BAKER AVE,673
MELVILLE ST,2740
ELSMERE PL,1751
MANSION ST,2668
GUION PL,2062
MINFORD PL,2789
HORNADAY PL,2246
DEVOE AVE,1377
WYATT ST,4237
E 175 ST,1534
CROTONA PARK E,1283
E 176 ST,1535
SEABURY PL,3437
BRONX PARK AVE,938
LEBANON ST,2500
TRAFALGAR PL,3739
CROTONA PKWY,1285
CROTONA PARK N,1284
E 7 ST,1637
PARKVILLE AVE,3052
AVE H,640
ELMWOOD AVE,1749
RYDER AVE,3372
IRVINGTON PL,2306
WALDORF CT,4061
RODER AVE,3321
DEKOVEN CT,1354
LAWRENCE AVE,2493
AVE J,642
GIFFORDS LN,1959
E STROUD AVE,1680
HILLSIDE TER,2208
NOTRE DAME AVE,2944
DALEHAM ST,1312
TROY ST,3753
PARK TER,3043
BALTIMORE ST,679
ABINGDON AVE,489
DEWEY AVE,1383
FAIRFIELD ST,1806
STIEG AVE,3613
GOODALL ST,1989
HEINZ AVE,2157
GREAT KILLS RD,2030
WIMAN AVE,4191
HILLCREST ST,2203
SANDALWOOD DR,3397
WOODLAND AVE,4219
MARGARET ST,2683
BROWER CT,952
OCEANVIEW PL,2969
SCARSDALE ST,3414
BROOKFIELD AVE,945
COLON AVE,1183
GURLEY AVE,2067
FENWAY CIR,1831
ESCANABA AVE,1781
SAMPSON AVE,3395
HOWTON AVE,2253
CHERRYWOOD CT,1103
TANGLEWOOD DR,3674
JUMEL ST,2367
TEAKWOOD CT,3682
MORRIS PL,2824
KEEGANS LN,2389
PEMBERTON AVE,3068
CLEVELAND AVE,1143
ADRIENNE PL,504
FERN AVE,1832
COTTONWOOD CT,1241
ELVERTON AVE,1756
SWEETWATER AVE,3663
ARMSTRONG AVE,595
COTTAGE AVE,1238
GREAVES AVE,2031
MILES AVE,2774
KENNINGTON ST,2403
DEMOPOLIS AVE,1366
LINDENWOOD RD,2545
RHETT AVE,3265
NAHANT ST,2867
HEREFORD ST,2173
E BRANDIS AVE,1666
HILLCREST AVE,2201
E SCRANTON AVE,1679
E AUGUSTA AVE,1664
DUNBAR ST,1449
MAYBURY AVE,2716
MIDLAND RD,2770
ELKHART ST,1731
ACKERMAN ST,493
RAMBLEWOOD AVE,3214
CRAIG AVE,1256
BILLOP AVE,829
BEDELL AVE,768
YETMAN AVE,4248
SPRAGUE AVE,3540
ROCKAWAY ST,3314
BRIGHTON ST,924
CONNECTICUT ST,1206
CARTERET ST,1047
LION ST,2548
FISHER AVE,1851
MANHATTAN ST,2659
ASPINWALL ST,612
FINLAY ST,1848
SUMMIT RD,3647
BREHAUT AVE,898
TRUMAN ST,3754
HALE ST,2073
LENHART ST,2514
HECKER ST,2153
JOLINE AVE,2357
LORETTO ST,2583
CHELSEA ST,1100
ELLIS ST,1738
WARDS POINT AVE,4075
BARNARD AVE,696
POE ST,3129
HART PL,2119
BETHEL AVE,818
W 172 ST,3932
W 158 ST,3917
W 161 ST,3920
W 157 ST,3916
JUMEL PL,2366
JUMEL TER,2368
EDWARD M MORGAN PL,1711
W 160 ST,3919
W 173 ST,3933
FT WASHINGTON AVE,1907
W 171 ST,3931
W 156 ST,3915
102 RD,9
ABINGDON RD,490
KEW GARDENS RD,2414
LEFFERTS BLVD,2505
GRENFELL ST,2045
CUTHBERT RD,1301
TALBOT ST,3673
AUDLEY ST,625
BREVOORT ST,900
ONSLOW PL,2989
MOWBRAY DR,2837
PARK LN,3038
84 RD,444
84 AVE,441
EDGEWOOD ST,1704
WELLER AVE,4118
HUXLEY ST,2284
WELLER LN,4119
CRAFT AVE,1254
BROOKVILLE BLVD,949
CANEY LN,1023
HOOK CREEK BLVD,2236
148 DR,109
147 AVE,103
234 ST,238
132 RD,73
147 DR,104
256 ST,251
147 RD,106
138 AVE,84
CANEY RD,1024
ARCADE AVE,579
JORDAN AVE,2360
HILBURN AVE,2198
MANGIN AVE,2656
195 ST,181
191 ST,177
LUDLUM AVE,2606
117 RD,42
196 ST,182
BABYLON AVE,665
QUENCER RD,3192
GALWAY AVE,1922
HANNIBAL ST,2096
DUNKIRK DR,1453
MEXICO ST,2763
113 RD,33
MAYVILLE ST,2720
192 ST,178
200 ST,191
DUNLOP AVE,1455
197 ST,183
BASCOM AVE,709
140 ST,91
144 ST,97
PARK DR E,3033
79 AVE,429
MELBOURNE AVE,2736
VLEIGH PL,3862
61 RD,368
REEVES AVE,3236
AGUILAR AVE,505
GRAVETT RD,2026
77 RD,425
FRESH MEADOW LN,1898
WEEKS LN,4113
69 AVE,396
174 ST,155
72 AVE,408
225 ST,227
NELLIS ST,2892
CARSON ST,1045
EDGEWOOD AVE,1703
SPRINGFIELD LN,3544
224 ST,226
WESTGATE ST,4137
230 PL,233
222 ST,223
MILBURN ST,2772
BENTON ST,806
WILLIAMSON AVE,4176
146 AVE,101
144 AVE,96
143 AVE,94
231 ST,235
184 ST,168
PINEVILLE LN,3108
127 ST,62
135 ST,80
135 PL,79
132 ST,74
135 AVE,78
150 AVE,117
114 ST,37
149 AVE,111
122 ST,55
133 ST,76
114 PL,35
117 ST,43
HAWTREE CREEK RD,2144
113 ST,34
131 AVE,70
130 ST,69
DE COSTA AVE,1335
ARVERNE BLVD,602
BURCHELL AVE,975
BAYFIELD AVE,750
HESSLER AVE,2181
THURSBY AVE,3711
AMSTEL BLVD,555
76 AVE,421
75 RD,419
CROWN ST,1289
REVERE PL,3260
HAMPTON PL,2092
EASTERN PKWY,1692
VERONA PL,3835
ST ANDREWS PL,3548
BREVOORT PL,899
ST FRANCIS PL,3555
SPENCER PL,3536
BEDFORD PL,773
ST CHARLES PL,3551
ERICSSON ST,1778
HUMPHREYS ST,2271
CURTIS ST,1299
GILLMORE ST,1963
JACKSON MILL RD,2315
KEARNEY ST,2386
COUCH PL,1242
MCINTOSH ST,2728
LINCOLN RD,2539
STERLING ST,3608
LUDLAM PL,2604
SULLIVAN PL,3642
LAMONT CT,2474
BEEKMAN PL,781
CHESTER CT,1106
STODDARD PL,3619
BALFOUR PL,675
S PORTLAND AVE,3385
ST FELIX ST,3554
S ELLIOTT PL,3380
ROCKWELL PL,3319
BERKELEY PL,813
HANSON PL,2101
ATLANTIC COMMONS,621
W 125 ST,3885
W 131 ST,3892
OLD BROADWAY,2976
W 130 ST,3891
W 122 ST,3883
MORNINGSIDE AVE,2819
CLAREMONT AVE,1130
MORNINGSIDE DR,2820
HANCOCK PL,2094
TIEMANN PL,3716
W 128 ST,3888
W 127 ST,3887
W 129 ST,3889
W 132 ST,3893
W 126 ST,3886
W 124 ST,3884
VESEY ST,3838
BARCLAY ST,690
DEY ST,1386
MAYFAIR RD,2717
GROSVENOR RD,2051
CURZON RD,1300
BABBAGE ST,664
92 AVE,469
BOMBAY ST,864
BLOOMINGDALE RD,847
GERVIL ST,1956
ALVERSON AVE,542
COVINGTON CIR,1251
RAMAPO AVE,3213
GLADWIN ST,1968
CHURCHILL AVE,1123
ENGLEWOOD AVE,1773
STATION AVE,3594
WOODVALE AVE,4227
OSWALD PL,3003
ARMOUR PL,594
SEGUINE AVE,3450
ALBOURNE AVE,523
EL CAMINO LOOP,1718
SHARROTTS RD,3470
CASE AVE,1052
BURTON AVE,985
MADSEN AVE,2638
MEMO ST,2743
RICHARD AVE,3270
VAN WYCK AVE,3812
WIELAND AVE,4162
FOSTER RD,1880
W CASTOR PL,4039
S BRIDGE ST,3379
KINGSLAND ST,2430
ENGERT ST,1772
PLEASANT PLAINS AVE,3122
MALLOW ST,2651
INDALE AVE,2289
KEATING ST,2388
PITNEY AVE,3114
QUEENSDALE ST,3191
JOHNSTON TER,2356
HERRICK AVE,2178
WINANT AVE,4192
KNESEL ST,2443
CORRELL AVE,1231
WIRT AVE,4205
WESTFIELD AVE,4136
HELENE CT,2158
LUCILLE AVE,2603
MALVINE AVE,2654
HALLISTER ST,2079
DUNHAM ST,1452
GRAFE ST,2003
CHARLESTON AVE,1093
CANDON AVE,1022
MASON BLVD,2706
KRAMER AVE,2450
CLEARMONT AVE,1141
WINANT PL,4193
MARSCHER PL,2694
PAGE AVE,3022
UNCAS AVE,3771
MARISA CIR,2688
BROOKSIDE LOOP,948
LORRAINE LOOP,2589
MAGUIRE AVE,2640
CAMDEN AVE,1009
LYNBROOK AVE,2615
VETERANS RD W,3842
SAVONA CT,3408
S GOFF AVE,3381
PEMBROOK LOOP,3071
WILBUR ST,4163
SCUDDER AVE,3434
MANEE AVE,2655
LENEVAR AVE,2513
ASHLAND AVE,608
W 55 ST,4004
W 53 ST,4003
COLUMBUS CIR,1191
W 48 ST,4000
W 49 ST,4001
ROCKEFELLER PLZ,3315
GREAT JONES ST,2029
KENMARE ST,2400
MINETTA LN,2787
MINETTA ST,2788
CARMINE ST,1036
JANE ST,2326
BETHUNE ST,820
HORATIO ST,2245
BEDFORD ST,774
GREENWICH AVE,2041
BARROW ST,701
CLARKSON ST,1135
GANSEVOORT ST,1924
CHARLES ST,1092
PERRY ST,3085
WEEHAWKEN ST,4111
W WASHINGTON PL,4053
GAY ST,1944
SUTTON SQ,3660
MITCHELL PL,2793
E 57 ST,1628
TIMES SQUARE,3724
W 42 ST,3996
W 47 ST,3999
W 46 ST,3998
W 43 ST,3997
E 131 ST,1498
E 33 ST,1605
W 16 ST,3918
W 17 ST,3929
MACOMBS PL,2629
W 145 ST,3906
W 152 ST,3913
HARLEM RIVER DR,2107
W 153 ST,3914
W 113 ST,3877
W 116 ST,3880
W 114 ST,3878
W 110 ST,3875
W 117 ST,3881
W 115 ST,3879
W 112 ST,3876
SCHLEY AVE,3421
REVERE AVE,3258
OUTLOOK AVE,3007
HARDING AVE,2104
CLARENCE AVE,1131
LONGSTREET AVE,2579
QUINCY AVE,3196
CALHOUN AVE,1003
SWINTON AVE,3664
BRINSMADE AVE,927
WILCOX AVE,4164
DILL PL,1395
FAIRFAX AVE,1804
BARKLEY AVE,694
BRUSH AVE,960
SPENCER DR,3535
OHM AVE,2974
STADIUM AVE,3580
LUCERNE ST,2602
RESEARCH AVE,3253
WATT AVE,4100
CAMPBELL DR,1015
DEAN AVE,1341
COUNTRY CLUB RD,1243
BLAIR AVE,842
THROGS NECK BLVD,3708
KENNELLWORTH PL,2402
KEARNEY AVE,2385
THROGS NECK EXPY,3709
HOSMER AVE,2248
SCHURZ AVE,3427
THROGMORTON AVE,3707
GRISWOLD AVE,2050
LAWTON AVE,2495
PENNYFIELD AVE,3081
LAMPORT PL,2476
AMPERE AVE,554
LIBRARY AVE,2535
RADIO DR,3205
SCOTT PL,3430
EMERSON AVE,1764
SHORE DR,3490
REED PL,3232
ROBERTSON PL,3300
HUNTINGTON AVE,2276
BUTTRICK AVE,994
MILTON PL,2784
FAIRMOUNT AVE,1807
WISSMAN AVE,4206
E 224 ST,1579
E 229 ST,1584
SCHIEFFELIN AVE,3420
E 223 ST,1578
E 231 ST,1587
MONTICELLO AVE,2810
E 230 ST,1586
HARPER AVE,2110
E 225 ST,1580
STRANG AVE,3623
NEREID AVE,2896
PRATT AVE,3163
AMUNDSON AVE,558
LOWERRE PL,2601
BOYD AVE,882
HILL AVE,2199
BYRON AVE,997
PITMAN AVE,3113
SECOR AVE,3446
EDENWALD AVE,1699
E 233 ST,1589
E 228 ST,1583
E 226 ST,1581
GRENADA PL,2044
SETON AVE,3460
DIGNEY AVE,1393
BUSSING AVE,990
DYRE AVE,1469
DURYEA AVE,1460
WHITEHALL PL,4150
VARIAN AVE,3824
E 227 ST,1582
E 232 ST,1588
60 RD,365
53 DR,333
69 LN,397
CALDWELL AVE,1002
JAY AVE,2333
ARNOLD AVE,596
NURGE AVE,2947
RUST ST,3362
PAGE PL,3023
56 DR,343
52 DR,329
56 AVE,342
60 DR,362
54 PL,337
52 RD,330
73 PL,413
59 PL,357
ANDREWS AVE,565
59 DR,356
53 RD,334
56 RD,345
55 DR,340
52 CT,328
58 PL,352
57 DR,348
REMSEN PL,3246
ELLWELL CRES,1741
SAUNDERS ST,3407
EVERTON ST,1795
ALDERTON ST,525
DIETERLE CRES,1392
FITCHETT ST,1853
THORNTON PL,3704
CROMWELL CRES,1271
62 DR,371
68 AVE,391
62 RD,372
CARLTON ST,1034
64 AVE,376
67 DR,387
66 DR,384
GRAY ST,2027
ADMIRAL AVE,502
PENELOPE AVE,3075
77 PL,424
PLEASANTVIEW ST,3124
DRY HARBOR RD,1443
84 PL,443
POST RD,3152
MOSHOLU AVE,2830
HUXLEY AVE,2283
TYNDALL AVE,3768
HUDSON MANOR TER,2261
W 263 ST,3984
LIEBIG AVE,2536
LAKEVIEW PL,2469
FARADAY AVE,1817
SYLVAN AVE,3665
W 262 ST,3983
W 239 ST,3977
W 256 ST,3981
W 261 ST,3982
VALLES AVE,3792
E 62 ST,1632
31 ST,274
22 ST,220
31 RD,273
W 100 ST,3870
W 109 ST,3873
W 95 ST,4035
W 92 ST,4032
W 107 ST,3872
W 94 ST,4034
W 103 ST,3871
W 93 ST,4033
88 RD,458
90 RD,465
DEXTER CT,1385
PARK LN S,3039
FOREST PKWY,1872
85 RD,448
VERMILYEA AVE,3831
ACADEMY ST,492
CUMMING ST,1295
W 207 ST,3959
PAYSON AVE,3058
W 218 ST,3963
INDIAN RD,2292
W 204 ST,3958
W 202 ST,3956
SEAMAN AVE,3441
HENSHAW ST,2170
ISHAM ST,2312
W 211 ST,3961
W 219 ST,3964
STAFF ST,3581
W 215 ST,3962
W 203 ST,3957
269 ST,256
LANGDALE ST,2480
HEWLETT ST,2187
271 ST,260
270 ST,259
PARK AVE S,3032
ROCKAWAY POINT BLVD,3313
STATE RD,3592
CLINTONVILLE ST,1156
LOCKE AVE,2566
LEE ST,2503
17 RD,150
16 RD,132
12 RD,48
22 AVE,218
145 PL,99
259 ST,252
LANGSTON AVE,2482
UNION TPKE,3778
255 ST,250
74 AVE,416
RECTOR ST,3229
RIVERSIDE BLVD,3295
FREEDOM PL,1895
HANOVER ST,2100
OLD SLIP,2978
BATTERY PL,717
RECTOR PL,3228
ALBANY ST,514
W THAMES ST,4051
FREEPORT LOOP,1897
ELMIRA LOOP,1748
DELMAR LOOP,1363
BETHEL LOOP,819
ARDSLEY LOOP,586
GENEVA LOOP,1947
HORNELL LOOP,2247
ERSKINE ST,1780
TWIN PINES DR,3764
CROTON LOOP,1281
SCHROEDERS AVE,3426
GATEWAY DR,1941
